source,model,metric,score,score_direction
clip_mean,MGE-LDM,fad_vggish,0.5280467569828033,lower_better
clip_mean,MGE-LDM,fad_clap,1.0044861137866974,lower_better
clip_mean,MGE-LDM,kad_vggish,0.23833158615952996,lower_better
clip_mean,MGE-LDM,kad_clap,0.4025815302525328,lower_better
clip_mean,MGE-LDM,irs,0.05640695543941826,higher_better
clip_mean,MGE-LDM,cbs,0.5711923799108025,higher_better
clip_mean,MGE-LDM,cbd,0.3318285040135057,lower_better
clip_mean,MGE-LDM,cocola_both,59.233356666564944,higher_better
clip_mean,MGE-LDM,cocola_harmonic,62.07693748474121,higher_better
clip_mean,MGE-LDM,cocola_percussive,62.99701633453369,higher_better
clip_mean,MGE-LDM,ta,0.3149695763340783,higher_better
clip_mean,MSDM,fad_vggish,1.498868703842163,lower_better
clip_mean,MSDM,fad_clap,1.0778632521629334,lower_better
clip_mean,MSDM,kad_vggish,0.2855051458252099,lower_better
clip_mean,MSDM,kad_clap,0.45226454083068834,lower_better
clip_mean,MSDM,irs,0.0583990905001708,higher_better
clip_mean,MSDM,cbs,0.39062382067876233,higher_better
clip_mean,MSDM,cbd,0.3290910930939412,lower_better
clip_mean,MSDM,cocola_both,55.27187089920044,higher_better
clip_mean,MSDM,cocola_harmonic,56.21166839599609,higher_better
clip_mean,MSDM,cocola_percussive,57.66463937759399,higher_better
clip_mean,MSDM,ta,0.49615381488848875,higher_better
clip_mean,MSG-LD,fad_vggish,0.9159800827503204,lower_better
clip_mean,MSG-LD,fad_clap,1.1428800463676452,lower_better
clip_mean,MSG-LD,kad_vggish,0.2622604668510583,lower_better
clip_mean,MSG-LD,kad_clap,0.49517800156219466,lower_better
clip_mean,MSG-LD,irs,0.05806602686659786,higher_better
clip_mean,MSG-LD,cbs,0.343216948197094,higher_better
clip_mean,MSG-LD,cbd,0.3257348572829962,lower_better
clip_mean,MSG-LD,cocola_both,53.64346866607666,higher_better
clip_mean,MSG-LD,cocola_harmonic,54.16208791732788,higher_better
clip_mean,MSG-LD,cocola_percussive,59.16471862792969,higher_better
clip_mean,MSG-LD,ta,0.3924356909957173,higher_better
clip_mean,MSG-LD-ext,fad_vggish,0.6999933838844299,lower_better
clip_mean,MSG-LD-ext,fad_clap,1.0967370927333833,lower_better
clip_mean,MSG-LD-ext,kad_vggish,0.24583404663926628,lower_better
clip_mean,MSG-LD-ext,kad_clap,0.46308911387069684,lower_better
clip_mean,MSG-LD-ext,irs,0.06180221408732848,higher_better
clip_mean,MSG-LD-ext,cbs,0.3654033925568367,higher_better
clip_mean,MSG-LD-ext,cbd,0.37207851293630917,lower_better
clip_mean,MSG-LD-ext,cocola_both,57.20475721359253,higher_better
clip_mean,MSG-LD-ext,cocola_harmonic,57.50360021591187,higher_better
clip_mean,MSG-LD-ext,cocola_percussive,61.700739574432376,higher_better
clip_mean,MSG-LD-ext,ta,0.47841434587418324,higher_better
clip_mean,MSLDM,fad_vggish,1623.4420609921217,lower_better
clip_mean,MSLDM,fad_clap,0.9767576515674591,lower_better
clip_mean,MSLDM,kad_vggish,0.2002145588768151,lower_better
clip_mean,MSLDM,kad_clap,0.38408794943435653,lower_better
clip_mean,MSLDM,irs,0.02695591583513558,higher_better
clip_mean,MSLDM,cbs,0.47502788265874657,higher_better
clip_mean,MSLDM,cbd,0.22902093182606156,lower_better
clip_mean,MSLDM,cocola_both,68.88558807373047,higher_better
clip_mean,MSLDM,cocola_harmonic,69.92393379211425,higher_better
clip_mean,MSLDM,cocola_percussive,72.10928401947021,higher_better
clip_mean,MSLDM,ta,0.7218658165672824,higher_better
table,MSDM,si_sdr_i,12.06097,higher_better
table,MSDM,mel_mse,16.50438,lower_better
table,MSDM,fad_vggish,4.8438,lower_better
table,MSDM,fad_clap,0.5991,lower_better
table,MSDM,kad,0.41615,lower_better
table,MSDM,irs,0.04866,higher_better
table,MSDM,cbs,0.4418,higher_better
table,MSDM,cbd,0.33662,lower_better
table,MSDM,cocola_harmonic,50.9213,higher_better
table,MSDM,cocola_percussive,54.4341,higher_better
table,MSDM,cocola_both,51.2103,higher_better
table,MSDM,ba,0.3546,higher_better
table,MSG-LD,si_sdr_i,,higher_better
table,MSG-LD,mel_mse,3.44041,lower_better
table,MSG-LD,fad_vggish,2.4087,lower_better
table,MSG-LD,fad_clap,0.32694,lower_better
table,MSG-LD,kad,0.25321,lower_better
table,MSG-LD,irs,0.05475,higher_better
table,MSG-LD,cbs,0.33966,higher_better
table,MSG-LD,cbd,0.36534,lower_better
table,MSG-LD,cocola_harmonic,53.696,higher_better
table,MSG-LD,cocola_percussive,58.3768,higher_better
table,MSG-LD,cocola_both,53.0037,higher_better
table,MSG-LD,ba,0.3899,higher_better
table,MSLDM,si_sdr_i,,higher_better
table,MSLDM,mel_mse,,lower_better
table,MSLDM,fad_vggish,2.4237,lower_better
table,MSLDM,fad_clap,0.46638,lower_better
table,MSLDM,kad,0.26753,lower_better
table,MSLDM,irs,0.02952,higher_better
table,MSLDM,cbs,0.47489,higher_better
table,MSLDM,cbd,0.29861,lower_better
table,MSLDM,cocola_harmonic,69.5119,higher_better
table,MSLDM,cocola_percussive,71.3884,higher_better
table,MSLDM,cocola_both,68.2401,higher_better
table,MSLDM,ba,0.7144,higher_better
table,MGE-LDM,si_sdr_i,4.82405,higher_better
table,MGE-LDM,mel_mse,9.52485,lower_better
table,MGE-LDM,fad_vggish,2.81236,lower_better
table,MGE-LDM,fad_clap,0.52802,lower_better
table,MGE-LDM,kad,0.29971,lower_better
table,MGE-LDM,irs,0.05438,higher_better
table,MGE-LDM,cbs,0.52625,higher_better
table,MGE-LDM,cbd,0.19081,lower_better
table,MGE-LDM,cocola_harmonic,56.53726,higher_better
table,MGE-LDM,cocola_percussive,58.05308,higher_better
table,MGE-LDM,cocola_both,55.00231,higher_better
table,MGE-LDM,ba,0.6483,higher_better
table,MSG-LD-ext,si_sdr_i,,higher_better
table,MSG-LD-ext,mel_mse,2.12556,lower_better
table,MSG-LD-ext,fad_vggish,1.4808,lower_better
table,MSG-LD-ext,fad_clap,0.3139,lower_better
table,MSG-LD-ext,kad,0.21306,lower_better
table,MSG-LD-ext,irs,0.05931,higher_better
table,MSG-LD-ext,cbs,0.40102,higher_better
table,MSG-LD-ext,cbd,0.3208,lower_better
table,MSG-LD-ext,cocola_harmonic,56.66447,higher_better
table,MSG-LD-ext,cocola_percussive,61.05068,higher_better
table,MSG-LD-ext,cocola_both,56.76307,higher_better
table,MSG-LD-ext,ba,0.4639,higher_better
