axis,participant_id,trial_number,block_id,winner,loser
musicality,1488dded-1f11-467f-bb52-1cf1e7b2e6c4,1,0,MSLDM,MSG-LD
musicality,1488dded-1f11-467f-bb52-1cf1e7b2e6c4,1,0,MSG-LD-ext,MSG-LD
musicality,1488dded-1f11-467f-bb52-1cf1e7b2e6c4,1,0,MGE-LDM,MSG-LD
musicality,1488dded-1f11-467f-bb52-1cf1e7b2e6c4,1,0,MSG-LD-ext,MSLDM
musicality,1488dded-1f11-467f-bb52-1cf1e7b2e6c4,1,0,MGE-LDM,MSLDM
musicality,1488dded-1f11-467f-bb52-1cf1e7b2e6c4,1,0,MGE-LDM,MSG-LD-ext
musicality,1488dded-1f11-467f-bb52-1cf1e7b2e6c4,2,1,MSLDM,MSG-LD
musicality,1488dded-1f11-467f-bb52-1cf1e7b2e6c4,2,1,MSLDM,MSG-LD-ext
musicality,1488dded-1f11-467f-bb52-1cf1e7b2e6c4,2,1,MSLDM,MGE-LDM
musicality,1488dded-1f11-467f-bb52-1cf1e7b2e6c4,2,1,MSG-LD-ext,MSG-LD
musicality,1488dded-1f11-467f-bb52-1cf1e7b2e6c4,2,1,MGE-LDM,MSG-LD
musicality,1488dded-1f11-467f-bb52-1cf1e7b2e6c4,2,1,MGE-LDM,MSG-LD-ext
musicality,1488dded-1f11-467f-bb52-1cf1e7b2e6c4,4,2,MGE-LDM,MSG-LD
musicality,1488dded-1f11-467f-bb52-1cf1e7b2e6c4,4,2,MSG-LD-ext,MSG-LD
musicality,1488dded-1f11-467f-bb52-1cf1e7b2e6c4,4,2,MSLDM,MSG-LD
musicality,1488dded-1f11-467f-bb52-1cf1e7b2e6c4,4,2,MGE-LDM,MSG-LD-ext
musicality,1488dded-1f11-467f-bb52-1cf1e7b2e6c4,4,2,MGE-LDM,MSLDM
musicality,1488dded-1f11-467f-bb52-1cf1e7b2e6c4,4,2,MSLDM,MSG-LD-ext
musicality,1488dded-1f11-467f-bb52-1cf1e7b2e6c4,5,3,MSLDM,MSG-LD
musicality,1488dded-1f11-467f-bb52-1cf1e7b2e6c4,5,3,MSG-LD-ext,MSG-LD
musicality,1488dded-1f11-467f-bb52-1cf1e7b2e6c4,5,3,MGE-LDM,MSG-LD
musicality,1488dded-1f11-467f-bb52-1cf1e7b2e6c4,5,3,MSG-LD-ext,MSLDM
musicality,1488dded-1f11-467f-bb52-1cf1e7b2e6c4,5,3,MGE-LDM,MSLDM
musicality,1488dded-1f11-467f-bb52-1cf1e7b2e6c4,5,3,MGE-LDM,MSG-LD-ext
musicality,1488dded-1f11-467f-bb52-1cf1e7b2e6c4,6,4,MGE-LDM,MSG-LD-ext
musicality,1488dded-1f11-467f-bb52-1cf1e7b2e6c4,6,4,MGE-LDM,MSLDM
musicality,1488dded-1f11-467f-bb52-1cf1e7b2e6c4,6,4,MGE-LDM,MSG-LD
musicality,1488dded-1f11-467f-bb52-1cf1e7b2e6c4,6,4,MSG-LD-ext,MSLDM
musicality,1488dded-1f11-467f-bb52-1cf1e7b2e6c4,6,4,MSG-LD-ext,MSG-LD
musicality,1488dded-1f11-467f-bb52-1cf1e7b2e6c4,6,4,MSLDM,MSG-LD
musicality,1488dded-1f11-467f-bb52-1cf1e7b2e6c4,8,5,MSLDM,MSG-LD-ext
musicality,1488dded-1f11-467f-bb52-1cf1e7b2e6c4,8,5,MSLDM,MSG-LD
musicality,1488dded-1f11-467f-bb52-1cf1e7b2e6c4,8,5,MGE-LDM,MSLDM
musicality,1488dded-1f11-467f-bb52-1cf1e7b2e6c4,8,5,MSG-LD,MSG-LD-ext
musicality,1488dded-1f11-467f-bb52-1cf1e7b2e6c4,8,5,MGE-LDM,MSG-LD-ext
musicality,1488dded-1f11-467f-bb52-1cf1e7b2e6c4,8,5,MGE-LDM,MSG-LD
musicality,19d9e602-d55d-43aa-88db-1dbf140562e7,2,6,MSLDM,MSG-LD-ext
musicality,19d9e602-d55d-43aa-88db-1dbf140562e7,2,6,MGE-LDM,MSG-LD-ext
musicality,19d9e602-d55d-43aa-88db-1dbf140562e7,2,6,MSG-LD-ext,MSG-LD
musicality,19d9e602-d55d-43aa-88db-1dbf140562e7,2,6,MGE-LDM,MSLDM
musicality,19d9e602-d55d-43aa-88db-1dbf140562e7,2,6,MSLDM,MSG-LD
musicality,19d9e602-d55d-43aa-88db-1dbf140562e7,2,6,MGE-LDM,MSG-LD
musicality,19d9e602-d55d-43aa-88db-1dbf140562e7,3,7,MGE-LDM,MSG-LD
musicality,19d9e602-d55d-43aa-88db-1dbf140562e7,3,7,MSG-LD-ext,MSG-LD
musicality,19d9e602-d55d-43aa-88db-1dbf140562e7,3,7,MSG-LD,MSLDM
musicality,19d9e602-d55d-43aa-88db-1dbf140562e7,3,7,MGE-LDM,MSG-LD-ext
musicality,19d9e602-d55d-43aa-88db-1dbf140562e7,3,7,MGE-LDM,MSLDM
musicality,19d9e602-d55d-43aa-88db-1dbf140562e7,3,7,MSG-LD-ext,MSLDM
musicality,19d9e602-d55d-43aa-88db-1dbf140562e7,4,8,MSG-LD-ext,MSG-LD
musicality,19d9e602-d55d-43aa-88db-1dbf140562e7,4,8,MSLDM,MSG-LD
musicality,19d9e602-d55d-43aa-88db-1dbf140562e7,4,8,MGE-LDM,MSG-LD
musicality,19d9e602-d55d-43aa-88db-1dbf140562e7,4,8,MSLDM,MSG-LD-ext
musicality,19d9e602-d55d-43aa-88db-1dbf140562e7,4,8,MSG-LD-ext,MGE-LDM
musicality,19d9e602-d55d-43aa-88db-1dbf140562e7,4,8,MSLDM,MGE-LDM
musicality,19d9e602-d55d-43aa-88db-1dbf140562e7,5,9,MSLDM,MSG-LD
musicality,19d9e602-d55d-43aa-88db-1dbf140562e7,5,9,MSG-LD-ext,MSG-LD
musicality,19d9e602-d55d-43aa-88db-1dbf140562e7,5,9,MGE-LDM,MSG-LD
musicality,19d9e602-d55d-43aa-88db-1dbf140562e7,5,9,MSLDM,MSG-LD-ext
musicality,19d9e602-d55d-43aa-88db-1dbf140562e7,5,9,MSLDM,MGE-LDM
musicality,19d9e602-d55d-43aa-88db-1dbf140562e7,5,9,MGE-LDM,MSG-LD-ext
musicality,19d9e602-d55d-43aa-88db-1dbf140562e7,6,10,MGE-LDM,MSLDM
musicality,19d9e602-d55d-43aa-88db-1dbf140562e7,6,10,MSLDM,MSG-LD
musicality,19d9e602-d55d-43aa-88db-1dbf140562e7,6,10,MSLDM,MSG-LD-ext
musicality,19d9e602-d55d-43aa-88db-1dbf140562e7,6,10,MGE-LDM,MSG-LD
musicality,19d9e602-d55d-43aa-88db-1dbf140562e7,6,10,MGE-LDM,MSG-LD-ext
musicality,19d9e602-d55d-43aa-88db-1dbf140562e7,6,10,MSG-LD,MSG-LD-ext
musicality,6cfe1857-9989-4472-a247-3f7b48b90b6f,1,11,MSLDM,MSG-LD-ext
musicality,6cfe1857-9989-4472-a247-3f7b48b90b6f,1,11,MSLDM,MGE-LDM
musicality,6cfe1857-9989-4472-a247-3f7b48b90b6f,1,11,MSLDM,MSG-LD
musicality,6cfe1857-9989-4472-a247-3f7b48b90b6f,1,11,MGE-LDM,MSG-LD-ext
musicality,6cfe1857-9989-4472-a247-3f7b48b90b6f,1,11,MSG-LD-ext,MSG-LD
musicality,6cfe1857-9989-4472-a247-3f7b48b90b6f,1,11,MGE-LDM,MSG-LD
musicality,6cfe1857-9989-4472-a247-3f7b48b90b6f,2,12,MSG-LD-ext,MSG-LD
musicality,6cfe1857-9989-4472-a247-3f7b48b90b6f,2,12,MSLDM,MSG-LD
musicality,6cfe1857-9989-4472-a247-3f7b48b90b6f,2,12,MSG-LD,MGE-LDM
musicality,6cfe1857-9989-4472-a247-3f7b48b90b6f,2,12,MSG-LD-ext,MSLDM
musicality,6cfe1857-9989-4472-a247-3f7b48b90b6f,2,12,MSG-LD-ext,MGE-LDM
musicality,6cfe1857-9989-4472-a247-3f7b48b90b6f,2,12,MSLDM,MGE-LDM
musicality,6cfe1857-9989-4472-a247-3f7b48b90b6f,3,13,MSLDM,MSG-LD-ext
musicality,6cfe1857-9989-4472-a247-3f7b48b90b6f,3,13,MGE-LDM,MSG-LD-ext
musicality,6cfe1857-9989-4472-a247-3f7b48b90b6f,3,13,MSG-LD,MSG-LD-ext
musicality,6cfe1857-9989-4472-a247-3f7b48b90b6f,3,13,MSLDM,MGE-LDM
musicality,6cfe1857-9989-4472-a247-3f7b48b90b6f,3,13,MSLDM,MSG-LD
musicality,6cfe1857-9989-4472-a247-3f7b48b90b6f,3,13,MGE-LDM,MSG-LD
musicality,6cfe1857-9989-4472-a247-3f7b48b90b6f,4,14,MSLDM,MSG-LD-ext
musicality,6cfe1857-9989-4472-a247-3f7b48b90b6f,4,14,MSLDM,MGE-LDM
musicality,6cfe1857-9989-4472-a247-3f7b48b90b6f,4,14,MSLDM,MSG-LD
musicality,6cfe1857-9989-4472-a247-3f7b48b90b6f,4,14,MGE-LDM,MSG-LD-ext
musicality,6cfe1857-9989-4472-a247-3f7b48b90b6f,4,14,MSG-LD-ext,MSG-LD
musicality,6cfe1857-9989-4472-a247-3f7b48b90b6f,4,14,MGE-LDM,MSG-LD
musicality,6cfe1857-9989-4472-a247-3f7b48b90b6f,5,15,MSLDM,MGE-LDM
musicality,6cfe1857-9989-4472-a247-3f7b48b90b6f,5,15,MGE-LDM,MSG-LD-ext
musicality,6cfe1857-9989-4472-a247-3f7b48b90b6f,5,15,MGE-LDM,MSG-LD
musicality,6cfe1857-9989-4472-a247-3f7b48b90b6f,5,15,MSLDM,MSG-LD-ext
musicality,6cfe1857-9989-4472-a247-3f7b48b90b6f,5,15,MSLDM,MSG-LD
musicality,6cfe1857-9989-4472-a247-3f7b48b90b6f,5,15,MSG-LD-ext,MSG-LD
musicality,6cfe1857-9989-4472-a247-3f7b48b90b6f,8,16,MGE-LDM,MSG-LD-ext
musicality,6cfe1857-9989-4472-a247-3f7b48b90b6f,8,16,MSLDM,MSG-LD-ext
musicality,6cfe1857-9989-4472-a247-3f7b48b90b6f,8,16,MSG-LD,MSG-LD-ext
musicality,6cfe1857-9989-4472-a247-3f7b48b90b6f,8,16,MGE-LDM,MSLDM
musicality,6cfe1857-9989-4472-a247-3f7b48b90b6f,8,16,MGE-LDM,MSG-LD
musicality,6cfe1857-9989-4472-a247-3f7b48b90b6f,8,16,MSLDM,MSG-LD
musicality,766d6cd3-b25f-492b-8b48-d68e2b8c5f5a,1,17,MSG-LD-ext,MSG-LD
musicality,766d6cd3-b25f-492b-8b48-d68e2b8c5f5a,1,17,MGE-LDM,MSG-LD
musicality,766d6cd3-b25f-492b-8b48-d68e2b8c5f5a,1,17,MSLDM,MSG-LD
musicality,766d6cd3-b25f-492b-8b48-d68e2b8c5f5a,1,17,MGE-LDM,MSG-LD-ext
musicality,766d6cd3-b25f-492b-8b48-d68e2b8c5f5a,1,17,MSG-LD-ext,MSLDM
musicality,766d6cd3-b25f-492b-8b48-d68e2b8c5f5a,1,17,MGE-LDM,MSLDM
musicality,766d6cd3-b25f-492b-8b48-d68e2b8c5f5a,3,18,MSG-LD-ext,MSG-LD
musicality,766d6cd3-b25f-492b-8b48-d68e2b8c5f5a,3,18,MGE-LDM,MSG-LD
musicality,766d6cd3-b25f-492b-8b48-d68e2b8c5f5a,3,18,MSLDM,MSG-LD
musicality,766d6cd3-b25f-492b-8b48-d68e2b8c5f5a,3,18,MGE-LDM,MSG-LD-ext
musicality,766d6cd3-b25f-492b-8b48-d68e2b8c5f5a,3,18,MSLDM,MSG-LD-ext
musicality,766d6cd3-b25f-492b-8b48-d68e2b8c5f5a,3,18,MSLDM,MGE-LDM
musicality,766d6cd3-b25f-492b-8b48-d68e2b8c5f5a,4,19,MSG-LD,MGE-LDM
musicality,766d6cd3-b25f-492b-8b48-d68e2b8c5f5a,4,19,MSG-LD,MSG-LD-ext
musicality,766d6cd3-b25f-492b-8b48-d68e2b8c5f5a,4,19,MSG-LD,MSLDM
musicality,766d6cd3-b25f-492b-8b48-d68e2b8c5f5a,4,19,MGE-LDM,MSG-LD-ext
musicality,766d6cd3-b25f-492b-8b48-d68e2b8c5f5a,4,19,MGE-LDM,MSLDM
musicality,766d6cd3-b25f-492b-8b48-d68e2b8c5f5a,4,19,MSLDM,MSG-LD-ext
musicality,766d6cd3-b25f-492b-8b48-d68e2b8c5f5a,5,20,MGE-LDM,MSG-LD
musicality,766d6cd3-b25f-492b-8b48-d68e2b8c5f5a,5,20,MSLDM,MGE-LDM
musicality,766d6cd3-b25f-492b-8b48-d68e2b8c5f5a,5,20,MGE-LDM,MSG-LD-ext
musicality,766d6cd3-b25f-492b-8b48-d68e2b8c5f5a,5,20,MSLDM,MSG-LD
musicality,766d6cd3-b25f-492b-8b48-d68e2b8c5f5a,5,20,MSG-LD-ext,MSG-LD
musicality,766d6cd3-b25f-492b-8b48-d68e2b8c5f5a,5,20,MSLDM,MSG-LD-ext
musicality,766d6cd3-b25f-492b-8b48-d68e2b8c5f5a,6,21,MGE-LDM,MSG-LD
musicality,766d6cd3-b25f-492b-8b48-d68e2b8c5f5a,6,21,MSLDM,MSG-LD
musicality,766d6cd3-b25f-492b-8b48-d68e2b8c5f5a,6,21,MSG-LD-ext,MSG-LD
musicality,766d6cd3-b25f-492b-8b48-d68e2b8c5f5a,6,21,MGE-LDM,MSLDM
musicality,766d6cd3-b25f-492b-8b48-d68e2b8c5f5a,6,21,MGE-LDM,MSG-LD-ext
musicality,766d6cd3-b25f-492b-8b48-d68e2b8c5f5a,6,21,MSLDM,MSG-LD-ext
musicality,766d6cd3-b25f-492b-8b48-d68e2b8c5f5a,8,22,MSLDM,MSG-LD-ext
musicality,766d6cd3-b25f-492b-8b48-d68e2b8c5f5a,8,22,MSG-LD,MSG-LD-ext
musicality,766d6cd3-b25f-492b-8b48-d68e2b8c5f5a,8,22,MGE-LDM,MSG-LD-ext
musicality,766d6cd3-b25f-492b-8b48-d68e2b8c5f5a,8,22,MSLDM,MSG-LD
musicality,766d6cd3-b25f-492b-8b48-d68e2b8c5f5a,8,22,MSLDM,MGE-LDM
musicality,766d6cd3-b25f-492b-8b48-d68e2b8c5f5a,8,22,MGE-LDM,MSG-LD
musicality,7d4e6772-7b8a-4b0b-b9c4-28308ee62204,1,23,MGE-LDM,MSG-LD
musicality,7d4e6772-7b8a-4b0b-b9c4-28308ee62204,1,23,MSG-LD,MSG-LD-ext
musicality,7d4e6772-7b8a-4b0b-b9c4-28308ee62204,1,23,MSLDM,MSG-LD
musicality,7d4e6772-7b8a-4b0b-b9c4-28308ee62204,1,23,MGE-LDM,MSG-LD-ext
musicality,7d4e6772-7b8a-4b0b-b9c4-28308ee62204,1,23,MSLDM,MGE-LDM
musicality,7d4e6772-7b8a-4b0b-b9c4-28308ee62204,1,23,MSLDM,MSG-LD-ext
musicality,7d4e6772-7b8a-4b0b-b9c4-28308ee62204,2,24,MSLDM,MSG-LD-ext
musicality,7d4e6772-7b8a-4b0b-b9c4-28308ee62204,2,24,MSLDM,MGE-LDM
musicality,7d4e6772-7b8a-4b0b-b9c4-28308ee62204,2,24,MSLDM,MSG-LD
musicality,7d4e6772-7b8a-4b0b-b9c4-28308ee62204,2,24,MGE-LDM,MSG-LD-ext
musicality,7d4e6772-7b8a-4b0b-b9c4-28308ee62204,2,24,MSG-LD-ext,MSG-LD
musicality,7d4e6772-7b8a-4b0b-b9c4-28308ee62204,2,24,MGE-LDM,MSG-LD
musicality,7d4e6772-7b8a-4b0b-b9c4-28308ee62204,3,25,MSG-LD-ext,MSG-LD
musicality,7d4e6772-7b8a-4b0b-b9c4-28308ee62204,3,25,MSLDM,MSG-LD-ext
musicality,7d4e6772-7b8a-4b0b-b9c4-28308ee62204,3,25,MGE-LDM,MSG-LD-ext
musicality,7d4e6772-7b8a-4b0b-b9c4-28308ee62204,3,25,MSLDM,MSG-LD
musicality,7d4e6772-7b8a-4b0b-b9c4-28308ee62204,3,25,MGE-LDM,MSG-LD
musicality,7d4e6772-7b8a-4b0b-b9c4-28308ee62204,3,25,MSLDM,MGE-LDM
musicality,7d4e6772-7b8a-4b0b-b9c4-28308ee62204,4,26,MGE-LDM,MSG-LD
musicality,7d4e6772-7b8a-4b0b-b9c4-28308ee62204,4,26,MSLDM,MGE-LDM
musicality,7d4e6772-7b8a-4b0b-b9c4-28308ee62204,4,26,MGE-LDM,MSG-LD-ext
musicality,7d4e6772-7b8a-4b0b-b9c4-28308ee62204,4,26,MSLDM,MSG-LD
musicality,7d4e6772-7b8a-4b0b-b9c4-28308ee62204,4,26,MSG-LD,MSG-LD-ext
musicality,7d4e6772-7b8a-4b0b-b9c4-28308ee62204,4,26,MSLDM,MSG-LD-ext
musicality,7d4e6772-7b8a-4b0b-b9c4-28308ee62204,5,27,MSLDM,MSG-LD-ext
musicality,7d4e6772-7b8a-4b0b-b9c4-28308ee62204,5,27,MSLDM,MGE-LDM
musicality,7d4e6772-7b8a-4b0b-b9c4-28308ee62204,5,27,MSLDM,MSG-LD
musicality,7d4e6772-7b8a-4b0b-b9c4-28308ee62204,5,27,MSG-LD-ext,MGE-LDM
musicality,7d4e6772-7b8a-4b0b-b9c4-28308ee62204,5,27,MSG-LD,MSG-LD-ext
musicality,7d4e6772-7b8a-4b0b-b9c4-28308ee62204,5,27,MSG-LD,MGE-LDM
musicality,7d4e6772-7b8a-4b0b-b9c4-28308ee62204,6,28,MGE-LDM,MSG-LD-ext
musicality,7d4e6772-7b8a-4b0b-b9c4-28308ee62204,6,28,MSLDM,MSG-LD-ext
musicality,7d4e6772-7b8a-4b0b-b9c4-28308ee62204,6,28,MSG-LD,MSG-LD-ext
musicality,7d4e6772-7b8a-4b0b-b9c4-28308ee62204,6,28,MGE-LDM,MSLDM
musicality,7d4e6772-7b8a-4b0b-b9c4-28308ee62204,6,28,MGE-LDM,MSG-LD
musicality,7d4e6772-7b8a-4b0b-b9c4-28308ee62204,6,28,MSLDM,MSG-LD
musicality,7f4e4edb-e140-4d73-a296-80d237dd0b7f,2,29,MGE-LDM,MSG-LD-ext
musicality,7f4e4edb-e140-4d73-a296-80d237dd0b7f,2,29,MGE-LDM,MSLDM
musicality,7f4e4edb-e140-4d73-a296-80d237dd0b7f,2,29,MGE-LDM,MSG-LD
musicality,7f4e4edb-e140-4d73-a296-80d237dd0b7f,2,29,MSLDM,MSG-LD-ext
musicality,7f4e4edb-e140-4d73-a296-80d237dd0b7f,2,29,MSG-LD,MSG-LD-ext
musicality,7f4e4edb-e140-4d73-a296-80d237dd0b7f,2,29,MSG-LD,MSLDM
musicality,7f4e4edb-e140-4d73-a296-80d237dd0b7f,3,30,MGE-LDM,MSLDM
musicality,7f4e4edb-e140-4d73-a296-80d237dd0b7f,3,30,MSLDM,MSG-LD-ext
musicality,7f4e4edb-e140-4d73-a296-80d237dd0b7f,3,30,MSG-LD,MSLDM
musicality,7f4e4edb-e140-4d73-a296-80d237dd0b7f,3,30,MGE-LDM,MSG-LD-ext
musicality,7f4e4edb-e140-4d73-a296-80d237dd0b7f,3,30,MGE-LDM,MSG-LD
musicality,7f4e4edb-e140-4d73-a296-80d237dd0b7f,3,30,MSG-LD,MSG-LD-ext
musicality,7f4e4edb-e140-4d73-a296-80d237dd0b7f,4,31,MGE-LDM,MSG-LD-ext
musicality,7f4e4edb-e140-4d73-a296-80d237dd0b7f,4,31,MGE-LDM,MSLDM
musicality,7f4e4edb-e140-4d73-a296-80d237dd0b7f,4,31,MGE-LDM,MSG-LD
musicality,7f4e4edb-e140-4d73-a296-80d237dd0b7f,4,31,MSG-LD-ext,MSLDM
musicality,7f4e4edb-e140-4d73-a296-80d237dd0b7f,4,31,MSG-LD-ext,MSG-LD
musicality,7f4e4edb-e140-4d73-a296-80d237dd0b7f,4,31,MSLDM,MSG-LD
musicality,7f4e4edb-e140-4d73-a296-80d237dd0b7f,5,32,MSLDM,MSG-LD
musicality,7f4e4edb-e140-4d73-a296-80d237dd0b7f,5,32,MSLDM,MSG-LD-ext
musicality,7f4e4edb-e140-4d73-a296-80d237dd0b7f,5,32,MSLDM,MGE-LDM
musicality,7f4e4edb-e140-4d73-a296-80d237dd0b7f,5,32,MSG-LD,MSG-LD-ext
musicality,7f4e4edb-e140-4d73-a296-80d237dd0b7f,5,32,MSG-LD,MGE-LDM
musicality,7f4e4edb-e140-4d73-a296-80d237dd0b7f,5,32,MSG-LD-ext,MGE-LDM
musicality,7f4e4edb-e140-4d73-a296-80d237dd0b7f,6,33,MSLDM,MGE-LDM
musicality,7f4e4edb-e140-4d73-a296-80d237dd0b7f,6,33,MSG-LD,MSLDM
musicality,7f4e4edb-e140-4d73-a296-80d237dd0b7f,6,33,MSLDM,MSG-LD-ext
musicality,7f4e4edb-e140-4d73-a296-80d237dd0b7f,6,33,MSG-LD,MGE-LDM
musicality,7f4e4edb-e140-4d73-a296-80d237dd0b7f,6,33,MSG-LD-ext,MGE-LDM
musicality,7f4e4edb-e140-4d73-a296-80d237dd0b7f,6,33,MSG-LD,MSG-LD-ext
musicality,7f4e4edb-e140-4d73-a296-80d237dd0b7f,7,34,MSG-LD,MSLDM
musicality,7f4e4edb-e140-4d73-a296-80d237dd0b7f,7,34,MSG-LD,MGE-LDM
musicality,7f4e4edb-e140-4d73-a296-80d237dd0b7f,7,34,MSG-LD-ext,MSG-LD
musicality,7f4e4edb-e140-4d73-a296-80d237dd0b7f,7,34,MSLDM,MGE-LDM
musicality,7f4e4edb-e140-4d73-a296-80d237dd0b7f,7,34,MSG-LD-ext,MSLDM
musicality,7f4e4edb-e140-4d73-a296-80d237dd0b7f,7,34,MSG-LD-ext,MGE-LDM
musicality,865d8d60-a54a-4245-b568-cefc74bc55d5,1,35,MSLDM,MGE-LDM
musicality,865d8d60-a54a-4245-b568-cefc74bc55d5,1,35,MGE-LDM,MSG-LD
musicality,865d8d60-a54a-4245-b568-cefc74bc55d5,1,35,MGE-LDM,MSG-LD-ext
musicality,865d8d60-a54a-4245-b568-cefc74bc55d5,1,35,MSLDM,MSG-LD
musicality,865d8d60-a54a-4245-b568-cefc74bc55d5,1,35,MSLDM,MSG-LD-ext
musicality,865d8d60-a54a-4245-b568-cefc74bc55d5,1,35,MSG-LD-ext,MSG-LD
musicality,865d8d60-a54a-4245-b568-cefc74bc55d5,2,36,MSLDM,MSG-LD-ext
musicality,865d8d60-a54a-4245-b568-cefc74bc55d5,2,36,MSLDM,MSG-LD
musicality,865d8d60-a54a-4245-b568-cefc74bc55d5,2,36,MSLDM,MGE-LDM
musicality,865d8d60-a54a-4245-b568-cefc74bc55d5,2,36,MSG-LD-ext,MSG-LD
musicality,865d8d60-a54a-4245-b568-cefc74bc55d5,2,36,MSG-LD-ext,MGE-LDM
musicality,865d8d60-a54a-4245-b568-cefc74bc55d5,2,36,MSG-LD,MGE-LDM
musicality,865d8d60-a54a-4245-b568-cefc74bc55d5,3,37,MGE-LDM,MSG-LD
musicality,865d8d60-a54a-4245-b568-cefc74bc55d5,3,37,MGE-LDM,MSG-LD-ext
musicality,865d8d60-a54a-4245-b568-cefc74bc55d5,3,37,MGE-LDM,MSLDM
musicality,865d8d60-a54a-4245-b568-cefc74bc55d5,3,37,MSG-LD,MSG-LD-ext
musicality,865d8d60-a54a-4245-b568-cefc74bc55d5,3,37,MSLDM,MSG-LD
musicality,865d8d60-a54a-4245-b568-cefc74bc55d5,3,37,MSLDM,MSG-LD-ext
musicality,865d8d60-a54a-4245-b568-cefc74bc55d5,4,38,MGE-LDM,MSG-LD
musicality,865d8d60-a54a-4245-b568-cefc74bc55d5,4,38,MGE-LDM,MSLDM
musicality,865d8d60-a54a-4245-b568-cefc74bc55d5,4,38,MGE-LDM,MSG-LD-ext
musicality,865d8d60-a54a-4245-b568-cefc74bc55d5,4,38,MSLDM,MSG-LD
musicality,865d8d60-a54a-4245-b568-cefc74bc55d5,4,38,MSG-LD,MSG-LD-ext
musicality,865d8d60-a54a-4245-b568-cefc74bc55d5,4,38,MSLDM,MSG-LD-ext
musicality,865d8d60-a54a-4245-b568-cefc74bc55d5,5,39,MSLDM,MSG-LD
musicality,865d8d60-a54a-4245-b568-cefc74bc55d5,5,39,MGE-LDM,MSLDM
musicality,865d8d60-a54a-4245-b568-cefc74bc55d5,5,39,MSLDM,MSG-LD-ext
musicality,865d8d60-a54a-4245-b568-cefc74bc55d5,5,39,MGE-LDM,MSG-LD
musicality,865d8d60-a54a-4245-b568-cefc74bc55d5,5,39,MSG-LD,MSG-LD-ext
musicality,865d8d60-a54a-4245-b568-cefc74bc55d5,5,39,MGE-LDM,MSG-LD-ext
musicality,865d8d60-a54a-4245-b568-cefc74bc55d5,8,40,MSLDM,MSG-LD-ext
musicality,865d8d60-a54a-4245-b568-cefc74bc55d5,8,40,MSLDM,MGE-LDM
musicality,865d8d60-a54a-4245-b568-cefc74bc55d5,8,40,MSLDM,MSG-LD
musicality,865d8d60-a54a-4245-b568-cefc74bc55d5,8,40,MGE-LDM,MSG-LD-ext
musicality,865d8d60-a54a-4245-b568-cefc74bc55d5,8,40,MSG-LD-ext,MSG-LD
musicality,865d8d60-a54a-4245-b568-cefc74bc55d5,8,40,MGE-LDM,MSG-LD
musicality,90e130dd-0bf6-4924-ad02-a98ef2cf2bd6,2,41,MSG-LD-ext,MSG-LD
musicality,90e130dd-0bf6-4924-ad02-a98ef2cf2bd6,2,41,MSLDM,MSG-LD
musicality,90e130dd-0bf6-4924-ad02-a98ef2cf2bd6,2,41,MSG-LD,MGE-LDM
musicality,90e130dd-0bf6-4924-ad02-a98ef2cf2bd6,2,41,MSLDM,MSG-LD-ext
musicality,90e130dd-0bf6-4924-ad02-a98ef2cf2bd6,2,41,MSG-LD-ext,MGE-LDM
musicality,90e130dd-0bf6-4924-ad02-a98ef2cf2bd6,2,41,MSLDM,MGE-LDM
musicality,90e130dd-0bf6-4924-ad02-a98ef2cf2bd6,3,42,MSG-LD-ext,MGE-LDM
musicality,90e130dd-0bf6-4924-ad02-a98ef2cf2bd6,3,42,MSG-LD,MGE-LDM
musicality,90e130dd-0bf6-4924-ad02-a98ef2cf2bd6,3,42,MSLDM,MGE-LDM
musicality,90e130dd-0bf6-4924-ad02-a98ef2cf2bd6,3,42,MSG-LD,MSG-LD-ext
musicality,90e130dd-0bf6-4924-ad02-a98ef2cf2bd6,3,42,MSLDM,MSG-LD-ext
musicality,90e130dd-0bf6-4924-ad02-a98ef2cf2bd6,3,42,MSG-LD,MSLDM
musicality,90e130dd-0bf6-4924-ad02-a98ef2cf2bd6,4,43,MSLDM,MGE-LDM
musicality,90e130dd-0bf6-4924-ad02-a98ef2cf2bd6,4,43,MSLDM,MSG-LD
musicality,90e130dd-0bf6-4924-ad02-a98ef2cf2bd6,4,43,MSLDM,MSG-LD-ext
musicality,90e130dd-0bf6-4924-ad02-a98ef2cf2bd6,4,43,MGE-LDM,MSG-LD
musicality,90e130dd-0bf6-4924-ad02-a98ef2cf2bd6,4,43,MGE-LDM,MSG-LD-ext
musicality,90e130dd-0bf6-4924-ad02-a98ef2cf2bd6,4,43,MSG-LD-ext,MSG-LD
musicality,90e130dd-0bf6-4924-ad02-a98ef2cf2bd6,5,44,MSLDM,MSG-LD-ext
musicality,90e130dd-0bf6-4924-ad02-a98ef2cf2bd6,5,44,MGE-LDM,MSG-LD-ext
musicality,90e130dd-0bf6-4924-ad02-a98ef2cf2bd6,5,44,MSG-LD-ext,MSG-LD
musicality,90e130dd-0bf6-4924-ad02-a98ef2cf2bd6,5,44,MSLDM,MGE-LDM
musicality,90e130dd-0bf6-4924-ad02-a98ef2cf2bd6,5,44,MSLDM,MSG-LD
musicality,90e130dd-0bf6-4924-ad02-a98ef2cf2bd6,5,44,MGE-LDM,MSG-LD
musicality,90e130dd-0bf6-4924-ad02-a98ef2cf2bd6,6,45,MSG-LD,MSG-LD-ext
musicality,90e130dd-0bf6-4924-ad02-a98ef2cf2bd6,6,45,MSG-LD-ext,MSLDM
musicality,90e130dd-0bf6-4924-ad02-a98ef2cf2bd6,6,45,MSG-LD-ext,MGE-LDM
musicality,90e130dd-0bf6-4924-ad02-a98ef2cf2bd6,6,45,MSG-LD,MSLDM
musicality,90e130dd-0bf6-4924-ad02-a98ef2cf2bd6,6,45,MSG-LD,MGE-LDM
musicality,90e130dd-0bf6-4924-ad02-a98ef2cf2bd6,6,45,MGE-LDM,MSLDM
musicality,90e130dd-0bf6-4924-ad02-a98ef2cf2bd6,7,46,MGE-LDM,MSG-LD-ext
musicality,90e130dd-0bf6-4924-ad02-a98ef2cf2bd6,7,46,MGE-LDM,MSLDM
musicality,90e130dd-0bf6-4924-ad02-a98ef2cf2bd6,7,46,MGE-LDM,MSG-LD
musicality,90e130dd-0bf6-4924-ad02-a98ef2cf2bd6,7,46,MSLDM,MSG-LD-ext
musicality,90e130dd-0bf6-4924-ad02-a98ef2cf2bd6,7,46,MSG-LD,MSG-LD-ext
musicality,90e130dd-0bf6-4924-ad02-a98ef2cf2bd6,7,46,MSG-LD,MSLDM
musicality,939a437f-48a6-4f71-b0fb-a7bc06bb81d6,2,47,MSLDM,MSG-LD-ext
musicality,939a437f-48a6-4f71-b0fb-a7bc06bb81d6,2,47,MSG-LD-ext,MSG-LD
musicality,939a437f-48a6-4f71-b0fb-a7bc06bb81d6,2,47,MGE-LDM,MSG-LD-ext
musicality,939a437f-48a6-4f71-b0fb-a7bc06bb81d6,2,47,MSLDM,MSG-LD
musicality,939a437f-48a6-4f71-b0fb-a7bc06bb81d6,2,47,MSLDM,MGE-LDM
musicality,939a437f-48a6-4f71-b0fb-a7bc06bb81d6,2,47,MGE-LDM,MSG-LD
musicality,939a437f-48a6-4f71-b0fb-a7bc06bb81d6,3,48,MGE-LDM,MSG-LD
musicality,939a437f-48a6-4f71-b0fb-a7bc06bb81d6,3,48,MGE-LDM,MSG-LD-ext
musicality,939a437f-48a6-4f71-b0fb-a7bc06bb81d6,3,48,MSLDM,MGE-LDM
musicality,939a437f-48a6-4f71-b0fb-a7bc06bb81d6,3,48,MSG-LD,MSG-LD-ext
musicality,939a437f-48a6-4f71-b0fb-a7bc06bb81d6,3,48,MSLDM,MSG-LD
musicality,939a437f-48a6-4f71-b0fb-a7bc06bb81d6,3,48,MSLDM,MSG-LD-ext
musicality,939a437f-48a6-4f71-b0fb-a7bc06bb81d6,4,49,MGE-LDM,MSG-LD
musicality,939a437f-48a6-4f71-b0fb-a7bc06bb81d6,4,49,MSLDM,MSG-LD
musicality,939a437f-48a6-4f71-b0fb-a7bc06bb81d6,4,49,MSG-LD,MSG-LD-ext
musicality,939a437f-48a6-4f71-b0fb-a7bc06bb81d6,4,49,MSLDM,MGE-LDM
musicality,939a437f-48a6-4f71-b0fb-a7bc06bb81d6,4,49,MGE-LDM,MSG-LD-ext
musicality,939a437f-48a6-4f71-b0fb-a7bc06bb81d6,4,49,MSLDM,MSG-LD-ext
musicality,939a437f-48a6-4f71-b0fb-a7bc06bb81d6,5,50,MSLDM,MGE-LDM
musicality,939a437f-48a6-4f71-b0fb-a7bc06bb81d6,5,50,MGE-LDM,MSG-LD
musicality,939a437f-48a6-4f71-b0fb-a7bc06bb81d6,5,50,MGE-LDM,MSG-LD-ext
musicality,939a437f-48a6-4f71-b0fb-a7bc06bb81d6,5,50,MSLDM,MSG-LD
musicality,939a437f-48a6-4f71-b0fb-a7bc06bb81d6,5,50,MSLDM,MSG-LD-ext
musicality,939a437f-48a6-4f71-b0fb-a7bc06bb81d6,5,50,MSG-LD,MSG-LD-ext
musicality,939a437f-48a6-4f71-b0fb-a7bc06bb81d6,6,51,MGE-LDM,MSG-LD-ext
musicality,939a437f-48a6-4f71-b0fb-a7bc06bb81d6,6,51,MSG-LD-ext,MSG-LD
musicality,939a437f-48a6-4f71-b0fb-a7bc06bb81d6,6,51,MSLDM,MSG-LD-ext
musicality,939a437f-48a6-4f71-b0fb-a7bc06bb81d6,6,51,MGE-LDM,MSG-LD
musicality,939a437f-48a6-4f71-b0fb-a7bc06bb81d6,6,51,MSLDM,MGE-LDM
musicality,939a437f-48a6-4f71-b0fb-a7bc06bb81d6,6,51,MSLDM,MSG-LD
musicality,939a437f-48a6-4f71-b0fb-a7bc06bb81d6,7,52,MSLDM,MSG-LD-ext
musicality,939a437f-48a6-4f71-b0fb-a7bc06bb81d6,7,52,MSLDM,MGE-LDM
musicality,939a437f-48a6-4f71-b0fb-a7bc06bb81d6,7,52,MSLDM,MSG-LD
musicality,939a437f-48a6-4f71-b0fb-a7bc06bb81d6,7,52,MGE-LDM,MSG-LD-ext
musicality,939a437f-48a6-4f71-b0fb-a7bc06bb81d6,7,52,MSG-LD-ext,MSG-LD
musicality,939a437f-48a6-4f71-b0fb-a7bc06bb81d6,7,52,MGE-LDM,MSG-LD
musicality,93f687d6-4dd9-44b5-b1d8-037d2f34be33,1,53,MSLDM,MSG-LD-ext
musicality,93f687d6-4dd9-44b5-b1d8-037d2f34be33,1,53,MSG-LD,MSG-LD-ext
musicality,93f687d6-4dd9-44b5-b1d8-037d2f34be33,1,53,MSG-LD-ext,MGE-LDM
musicality,93f687d6-4dd9-44b5-b1d8-037d2f34be33,1,53,MSG-LD,MSLDM
musicality,93f687d6-4dd9-44b5-b1d8-037d2f34be33,1,53,MSLDM,MGE-LDM
musicality,93f687d6-4dd9-44b5-b1d8-037d2f34be33,1,53,MSG-LD,MGE-LDM
musicality,93f687d6-4dd9-44b5-b1d8-037d2f34be33,2,54,MSLDM,MGE-LDM
musicality,93f687d6-4dd9-44b5-b1d8-037d2f34be33,2,54,MGE-LDM,MSG-LD
musicality,93f687d6-4dd9-44b5-b1d8-037d2f34be33,2,54,MSG-LD-ext,MGE-LDM
musicality,93f687d6-4dd9-44b5-b1d8-037d2f34be33,2,54,MSLDM,MSG-LD
musicality,93f687d6-4dd9-44b5-b1d8-037d2f34be33,2,54,MSLDM,MSG-LD-ext
musicality,93f687d6-4dd9-44b5-b1d8-037d2f34be33,2,54,MSG-LD-ext,MSG-LD
musicality,93f687d6-4dd9-44b5-b1d8-037d2f34be33,3,55,MGE-LDM,MSLDM
musicality,93f687d6-4dd9-44b5-b1d8-037d2f34be33,3,55,MGE-LDM,MSG-LD
musicality,93f687d6-4dd9-44b5-b1d8-037d2f34be33,3,55,MGE-LDM,MSG-LD-ext
musicality,93f687d6-4dd9-44b5-b1d8-037d2f34be33,3,55,MSLDM,MSG-LD
musicality,93f687d6-4dd9-44b5-b1d8-037d2f34be33,3,55,MSLDM,MSG-LD-ext
musicality,93f687d6-4dd9-44b5-b1d8-037d2f34be33,3,55,MSG-LD-ext,MSG-LD
musicality,93f687d6-4dd9-44b5-b1d8-037d2f34be33,5,56,MGE-LDM,MSG-LD
musicality,93f687d6-4dd9-44b5-b1d8-037d2f34be33,5,56,MSLDM,MSG-LD
musicality,93f687d6-4dd9-44b5-b1d8-037d2f34be33,5,56,MSG-LD-ext,MSG-LD
musicality,93f687d6-4dd9-44b5-b1d8-037d2f34be33,5,56,MGE-LDM,MSLDM
musicality,93f687d6-4dd9-44b5-b1d8-037d2f34be33,5,56,MGE-LDM,MSG-LD-ext
musicality,93f687d6-4dd9-44b5-b1d8-037d2f34be33,5,56,MSLDM,MSG-LD-ext
musicality,93f687d6-4dd9-44b5-b1d8-037d2f34be33,7,57,MSLDM,MSG-LD-ext
musicality,93f687d6-4dd9-44b5-b1d8-037d2f34be33,7,57,MSG-LD-ext,MSG-LD
musicality,93f687d6-4dd9-44b5-b1d8-037d2f34be33,7,57,MSG-LD-ext,MGE-LDM
musicality,93f687d6-4dd9-44b5-b1d8-037d2f34be33,7,57,MSLDM,MSG-LD
musicality,93f687d6-4dd9-44b5-b1d8-037d2f34be33,7,57,MSLDM,MGE-LDM
musicality,93f687d6-4dd9-44b5-b1d8-037d2f34be33,7,57,MSG-LD,MGE-LDM
musicality,93f687d6-4dd9-44b5-b1d8-037d2f34be33,8,58,MSG-LD,MSLDM
musicality,93f687d6-4dd9-44b5-b1d8-037d2f34be33,8,58,MSLDM,MGE-LDM
musicality,93f687d6-4dd9-44b5-b1d8-037d2f34be33,8,58,MSLDM,MSG-LD-ext
musicality,93f687d6-4dd9-44b5-b1d8-037d2f34be33,8,58,MSG-LD,MGE-LDM
musicality,93f687d6-4dd9-44b5-b1d8-037d2f34be33,8,58,MSG-LD,MSG-LD-ext
musicality,93f687d6-4dd9-44b5-b1d8-037d2f34be33,8,58,MGE-LDM,MSG-LD-ext
musicality,9ce755b5-fc75-404d-ba22-455324eef5fc,2,59,MSLDM,MSG-LD-ext
musicality,9ce755b5-fc75-404d-ba22-455324eef5fc,2,59,MSG-LD-ext,MSG-LD
musicality,9ce755b5-fc75-404d-ba22-455324eef5fc,2,59,MGE-LDM,MSG-LD-ext
musicality,9ce755b5-fc75-404d-ba22-455324eef5fc,2,59,MSLDM,MSG-LD
musicality,9ce755b5-fc75-404d-ba22-455324eef5fc,2,59,MGE-LDM,MSLDM
musicality,9ce755b5-fc75-404d-ba22-455324eef5fc,2,59,MGE-LDM,MSG-LD
musicality,9ce755b5-fc75-404d-ba22-455324eef5fc,3,60,MGE-LDM,MSG-LD
musicality,9ce755b5-fc75-404d-ba22-455324eef5fc,3,60,MGE-LDM,MSG-LD-ext
musicality,9ce755b5-fc75-404d-ba22-455324eef5fc,3,60,MGE-LDM,MSLDM
musicality,9ce755b5-fc75-404d-ba22-455324eef5fc,3,60,MSG-LD,MSG-LD-ext
musicality,9ce755b5-fc75-404d-ba22-455324eef5fc,3,60,MSLDM,MSG-LD
musicality,9ce755b5-fc75-404d-ba22-455324eef5fc,3,60,MSLDM,MSG-LD-ext
musicality,9ce755b5-fc75-404d-ba22-455324eef5fc,4,61,MGE-LDM,MSG-LD
musicality,9ce755b5-fc75-404d-ba22-455324eef5fc,4,61,MSG-LD,MSLDM
musicality,9ce755b5-fc75-404d-ba22-455324eef5fc,4,61,MSG-LD,MSG-LD-ext
musicality,9ce755b5-fc75-404d-ba22-455324eef5fc,4,61,MGE-LDM,MSLDM
musicality,9ce755b5-fc75-404d-ba22-455324eef5fc,4,61,MGE-LDM,MSG-LD-ext
musicality,9ce755b5-fc75-404d-ba22-455324eef5fc,4,61,MSLDM,MSG-LD-ext
musicality,9ce755b5-fc75-404d-ba22-455324eef5fc,5,62,MGE-LDM,MSLDM
musicality,9ce755b5-fc75-404d-ba22-455324eef5fc,5,62,MGE-LDM,MSG-LD
musicality,9ce755b5-fc75-404d-ba22-455324eef5fc,5,62,MGE-LDM,MSG-LD-ext
musicality,9ce755b5-fc75-404d-ba22-455324eef5fc,5,62,MSG-LD,MSLDM
musicality,9ce755b5-fc75-404d-ba22-455324eef5fc,5,62,MSG-LD-ext,MSLDM
musicality,9ce755b5-fc75-404d-ba22-455324eef5fc,5,62,MSG-LD,MSG-LD-ext
musicality,9ce755b5-fc75-404d-ba22-455324eef5fc,6,63,MGE-LDM,MSG-LD-ext
musicality,9ce755b5-fc75-404d-ba22-455324eef5fc,6,63,MSG-LD,MSG-LD-ext
musicality,9ce755b5-fc75-404d-ba22-455324eef5fc,6,63,MSG-LD-ext,MSLDM
musicality,9ce755b5-fc75-404d-ba22-455324eef5fc,6,63,MGE-LDM,MSG-LD
musicality,9ce755b5-fc75-404d-ba22-455324eef5fc,6,63,MGE-LDM,MSLDM
musicality,9ce755b5-fc75-404d-ba22-455324eef5fc,6,63,MSG-LD,MSLDM
musicality,9ce755b5-fc75-404d-ba22-455324eef5fc,7,64,MSG-LD-ext,MSLDM
musicality,9ce755b5-fc75-404d-ba22-455324eef5fc,7,64,MGE-LDM,MSLDM
musicality,9ce755b5-fc75-404d-ba22-455324eef5fc,7,64,MSG-LD,MSLDM
musicality,9ce755b5-fc75-404d-ba22-455324eef5fc,7,64,MGE-LDM,MSG-LD-ext
musicality,9ce755b5-fc75-404d-ba22-455324eef5fc,7,64,MSG-LD-ext,MSG-LD
musicality,9ce755b5-fc75-404d-ba22-455324eef5fc,7,64,MGE-LDM,MSG-LD
musicality,a03af986-fea2-4490-b799-ba986d3d60f0,1,65,MSLDM,MGE-LDM
musicality,a03af986-fea2-4490-b799-ba986d3d60f0,1,65,MGE-LDM,MSG-LD
musicality,a03af986-fea2-4490-b799-ba986d3d60f0,1,65,MGE-LDM,MSG-LD-ext
musicality,a03af986-fea2-4490-b799-ba986d3d60f0,1,65,MSLDM,MSG-LD
musicality,a03af986-fea2-4490-b799-ba986d3d60f0,1,65,MSLDM,MSG-LD-ext
musicality,a03af986-fea2-4490-b799-ba986d3d60f0,1,65,MSG-LD-ext,MSG-LD
musicality,a03af986-fea2-4490-b799-ba986d3d60f0,2,66,MSLDM,MGE-LDM
musicality,a03af986-fea2-4490-b799-ba986d3d60f0,2,66,MSLDM,MSG-LD-ext
musicality,a03af986-fea2-4490-b799-ba986d3d60f0,2,66,MSLDM,MSG-LD
musicality,a03af986-fea2-4490-b799-ba986d3d60f0,2,66,MGE-LDM,MSG-LD-ext
musicality,a03af986-fea2-4490-b799-ba986d3d60f0,2,66,MSG-LD,MGE-LDM
musicality,a03af986-fea2-4490-b799-ba986d3d60f0,2,66,MSG-LD,MSG-LD-ext
musicality,a03af986-fea2-4490-b799-ba986d3d60f0,3,67,MSLDM,MSG-LD
musicality,a03af986-fea2-4490-b799-ba986d3d60f0,3,67,MSG-LD,MSG-LD-ext
musicality,a03af986-fea2-4490-b799-ba986d3d60f0,3,67,MGE-LDM,MSG-LD
musicality,a03af986-fea2-4490-b799-ba986d3d60f0,3,67,MSLDM,MSG-LD-ext
musicality,a03af986-fea2-4490-b799-ba986d3d60f0,3,67,MGE-LDM,MSLDM
musicality,a03af986-fea2-4490-b799-ba986d3d60f0,3,67,MGE-LDM,MSG-LD-ext
musicality,a03af986-fea2-4490-b799-ba986d3d60f0,5,68,MSLDM,MGE-LDM
musicality,a03af986-fea2-4490-b799-ba986d3d60f0,5,68,MSG-LD-ext,MGE-LDM
musicality,a03af986-fea2-4490-b799-ba986d3d60f0,5,68,MSG-LD,MGE-LDM
musicality,a03af986-fea2-4490-b799-ba986d3d60f0,5,68,MSLDM,MSG-LD-ext
musicality,a03af986-fea2-4490-b799-ba986d3d60f0,5,68,MSLDM,MSG-LD
musicality,a03af986-fea2-4490-b799-ba986d3d60f0,5,68,MSG-LD,MSG-LD-ext
musicality,a03af986-fea2-4490-b799-ba986d3d60f0,6,69,MGE-LDM,MSG-LD
musicality,a03af986-fea2-4490-b799-ba986d3d60f0,6,69,MSLDM,MSG-LD
musicality,a03af986-fea2-4490-b799-ba986d3d60f0,6,69,MSG-LD-ext,MSG-LD
musicality,a03af986-fea2-4490-b799-ba986d3d60f0,6,69,MSLDM,MGE-LDM
musicality,a03af986-fea2-4490-b799-ba986d3d60f0,6,69,MGE-LDM,MSG-LD-ext
musicality,a03af986-fea2-4490-b799-ba986d3d60f0,6,69,MSLDM,MSG-LD-ext
musicality,a03af986-fea2-4490-b799-ba986d3d60f0,7,70,MSLDM,MSG-LD-ext
musicality,a03af986-fea2-4490-b799-ba986d3d60f0,7,70,MGE-LDM,MSLDM
musicality,a03af986-fea2-4490-b799-ba986d3d60f0,7,70,MSLDM,MSG-LD
musicality,a03af986-fea2-4490-b799-ba986d3d60f0,7,70,MGE-LDM,MSG-LD-ext
musicality,a03af986-fea2-4490-b799-ba986d3d60f0,7,70,MSG-LD-ext,MSG-LD
musicality,a03af986-fea2-4490-b799-ba986d3d60f0,7,70,MGE-LDM,MSG-LD
musicality,aea40b7b-ac76-4bb4-8e86-97e28865984b,1,71,MSLDM,MSG-LD
musicality,aea40b7b-ac76-4bb4-8e86-97e28865984b,1,71,MSG-LD,MGE-LDM
musicality,aea40b7b-ac76-4bb4-8e86-97e28865984b,1,71,MSG-LD,MSG-LD-ext
musicality,aea40b7b-ac76-4bb4-8e86-97e28865984b,1,71,MSLDM,MGE-LDM
musicality,aea40b7b-ac76-4bb4-8e86-97e28865984b,1,71,MSLDM,MSG-LD-ext
musicality,aea40b7b-ac76-4bb4-8e86-97e28865984b,1,71,MGE-LDM,MSG-LD-ext
musicality,aea40b7b-ac76-4bb4-8e86-97e28865984b,2,72,MSLDM,MSG-LD
musicality,aea40b7b-ac76-4bb4-8e86-97e28865984b,2,72,MSLDM,MGE-LDM
musicality,aea40b7b-ac76-4bb4-8e86-97e28865984b,2,72,MSLDM,MSG-LD-ext
musicality,aea40b7b-ac76-4bb4-8e86-97e28865984b,2,72,MGE-LDM,MSG-LD
musicality,aea40b7b-ac76-4bb4-8e86-97e28865984b,2,72,MSG-LD,MSG-LD-ext
musicality,aea40b7b-ac76-4bb4-8e86-97e28865984b,2,72,MGE-LDM,MSG-LD-ext
musicality,aea40b7b-ac76-4bb4-8e86-97e28865984b,3,73,MSLDM,MSG-LD-ext
musicality,aea40b7b-ac76-4bb4-8e86-97e28865984b,3,73,MGE-LDM,MSG-LD-ext
musicality,aea40b7b-ac76-4bb4-8e86-97e28865984b,3,73,MSG-LD-ext,MSG-LD
musicality,aea40b7b-ac76-4bb4-8e86-97e28865984b,3,73,MSLDM,MGE-LDM
musicality,aea40b7b-ac76-4bb4-8e86-97e28865984b,3,73,MSLDM,MSG-LD
musicality,aea40b7b-ac76-4bb4-8e86-97e28865984b,3,73,MGE-LDM,MSG-LD
musicality,aea40b7b-ac76-4bb4-8e86-97e28865984b,5,74,MGE-LDM,MSG-LD-ext
musicality,aea40b7b-ac76-4bb4-8e86-97e28865984b,5,74,MGE-LDM,MSG-LD
musicality,aea40b7b-ac76-4bb4-8e86-97e28865984b,5,74,MSLDM,MGE-LDM
musicality,aea40b7b-ac76-4bb4-8e86-97e28865984b,5,74,MSG-LD,MSG-LD-ext
musicality,aea40b7b-ac76-4bb4-8e86-97e28865984b,5,74,MSLDM,MSG-LD-ext
musicality,aea40b7b-ac76-4bb4-8e86-97e28865984b,5,74,MSLDM,MSG-LD
musicality,aea40b7b-ac76-4bb4-8e86-97e28865984b,6,75,MSLDM,MSG-LD
musicality,aea40b7b-ac76-4bb4-8e86-97e28865984b,6,75,MSLDM,MGE-LDM
musicality,aea40b7b-ac76-4bb4-8e86-97e28865984b,6,75,MSLDM,MSG-LD-ext
musicality,aea40b7b-ac76-4bb4-8e86-97e28865984b,6,75,MSG-LD,MGE-LDM
musicality,aea40b7b-ac76-4bb4-8e86-97e28865984b,6,75,MSG-LD,MSG-LD-ext
musicality,aea40b7b-ac76-4bb4-8e86-97e28865984b,6,75,MGE-LDM,MSG-LD-ext
musicality,aea40b7b-ac76-4bb4-8e86-97e28865984b,8,76,MSLDM,MGE-LDM
musicality,aea40b7b-ac76-4bb4-8e86-97e28865984b,8,76,MSLDM,MSG-LD
musicality,aea40b7b-ac76-4bb4-8e86-97e28865984b,8,76,MSLDM,MSG-LD-ext
musicality,aea40b7b-ac76-4bb4-8e86-97e28865984b,8,76,MGE-LDM,MSG-LD
musicality,aea40b7b-ac76-4bb4-8e86-97e28865984b,8,76,MGE-LDM,MSG-LD-ext
musicality,aea40b7b-ac76-4bb4-8e86-97e28865984b,8,76,MSG-LD,MSG-LD-ext
musicality,cd9c935d-c745-4444-9eee-79572e868c47,2,77,MSG-LD,MSG-LD-ext
musicality,cd9c935d-c745-4444-9eee-79572e868c47,2,77,MGE-LDM,MSG-LD-ext
musicality,cd9c935d-c745-4444-9eee-79572e868c47,2,77,MSLDM,MSG-LD-ext
musicality,cd9c935d-c745-4444-9eee-79572e868c47,2,77,MGE-LDM,MSG-LD
musicality,cd9c935d-c745-4444-9eee-79572e868c47,2,77,MSLDM,MSG-LD
musicality,cd9c935d-c745-4444-9eee-79572e868c47,2,77,MGE-LDM,MSLDM
musicality,cd9c935d-c745-4444-9eee-79572e868c47,3,78,MGE-LDM,MSLDM
musicality,cd9c935d-c745-4444-9eee-79572e868c47,3,78,MGE-LDM,MSG-LD-ext
musicality,cd9c935d-c745-4444-9eee-79572e868c47,3,78,MGE-LDM,MSG-LD
musicality,cd9c935d-c745-4444-9eee-79572e868c47,3,78,MSLDM,MSG-LD-ext
musicality,cd9c935d-c745-4444-9eee-79572e868c47,3,78,MSG-LD,MSLDM
musicality,cd9c935d-c745-4444-9eee-79572e868c47,3,78,MSG-LD,MSG-LD-ext
musicality,cd9c935d-c745-4444-9eee-79572e868c47,4,79,MGE-LDM,MSG-LD-ext
musicality,cd9c935d-c745-4444-9eee-79572e868c47,4,79,MGE-LDM,MSG-LD
musicality,cd9c935d-c745-4444-9eee-79572e868c47,4,79,MSLDM,MGE-LDM
musicality,cd9c935d-c745-4444-9eee-79572e868c47,4,79,MSG-LD-ext,MSG-LD
musicality,cd9c935d-c745-4444-9eee-79572e868c47,4,79,MSLDM,MSG-LD-ext
musicality,cd9c935d-c745-4444-9eee-79572e868c47,4,79,MSLDM,MSG-LD
musicality,cd9c935d-c745-4444-9eee-79572e868c47,5,80,MGE-LDM,MSG-LD
musicality,cd9c935d-c745-4444-9eee-79572e868c47,5,80,MSLDM,MSG-LD
musicality,cd9c935d-c745-4444-9eee-79572e868c47,5,80,MSG-LD-ext,MSG-LD
musicality,cd9c935d-c745-4444-9eee-79572e868c47,5,80,MSLDM,MGE-LDM
musicality,cd9c935d-c745-4444-9eee-79572e868c47,5,80,MGE-LDM,MSG-LD-ext
musicality,cd9c935d-c745-4444-9eee-79572e868c47,5,80,MSLDM,MSG-LD-ext
musicality,cd9c935d-c745-4444-9eee-79572e868c47,6,81,MGE-LDM,MSG-LD-ext
musicality,cd9c935d-c745-4444-9eee-79572e868c47,6,81,MGE-LDM,MSG-LD
musicality,cd9c935d-c745-4444-9eee-79572e868c47,6,81,MGE-LDM,MSLDM
musicality,cd9c935d-c745-4444-9eee-79572e868c47,6,81,MSG-LD-ext,MSG-LD
musicality,cd9c935d-c745-4444-9eee-79572e868c47,6,81,MSLDM,MSG-LD-ext
musicality,cd9c935d-c745-4444-9eee-79572e868c47,6,81,MSLDM,MSG-LD
musicality,cd9c935d-c745-4444-9eee-79572e868c47,8,82,MGE-LDM,MSLDM
musicality,cd9c935d-c745-4444-9eee-79572e868c47,8,82,MSLDM,MSG-LD-ext
musicality,cd9c935d-c745-4444-9eee-79572e868c47,8,82,MSG-LD,MSLDM
musicality,cd9c935d-c745-4444-9eee-79572e868c47,8,82,MGE-LDM,MSG-LD-ext
musicality,cd9c935d-c745-4444-9eee-79572e868c47,8,82,MGE-LDM,MSG-LD
musicality,cd9c935d-c745-4444-9eee-79572e868c47,8,82,MSG-LD,MSG-LD-ext
musicality,e10c96f7-5562-40f1-af93-2f0bb4140d87,1,83,MSLDM,MSG-LD
musicality,e10c96f7-5562-40f1-af93-2f0bb4140d87,1,83,MGE-LDM,MSG-LD
musicality,e10c96f7-5562-40f1-af93-2f0bb4140d87,1,83,MSG-LD-ext,MSG-LD
musicality,e10c96f7-5562-40f1-af93-2f0bb4140d87,1,83,MSLDM,MGE-LDM
musicality,e10c96f7-5562-40f1-af93-2f0bb4140d87,1,83,MSLDM,MSG-LD-ext
musicality,e10c96f7-5562-40f1-af93-2f0bb4140d87,1,83,MGE-LDM,MSG-LD-ext
musicality,e10c96f7-5562-40f1-af93-2f0bb4140d87,2,84,MSG-LD-ext,MGE-LDM
musicality,e10c96f7-5562-40f1-af93-2f0bb4140d87,2,84,MSLDM,MGE-LDM
musicality,e10c96f7-5562-40f1-af93-2f0bb4140d87,2,84,MGE-LDM,MSG-LD
musicality,e10c96f7-5562-40f1-af93-2f0bb4140d87,2,84,MSLDM,MSG-LD-ext
musicality,e10c96f7-5562-40f1-af93-2f0bb4140d87,2,84,MSG-LD-ext,MSG-LD
musicality,e10c96f7-5562-40f1-af93-2f0bb4140d87,2,84,MSLDM,MSG-LD
musicality,e10c96f7-5562-40f1-af93-2f0bb4140d87,4,85,MSG-LD-ext,MSG-LD
musicality,e10c96f7-5562-40f1-af93-2f0bb4140d87,4,85,MGE-LDM,MSG-LD-ext
musicality,e10c96f7-5562-40f1-af93-2f0bb4140d87,4,85,MSLDM,MSG-LD-ext
musicality,e10c96f7-5562-40f1-af93-2f0bb4140d87,4,85,MGE-LDM,MSG-LD
musicality,e10c96f7-5562-40f1-af93-2f0bb4140d87,4,85,MSLDM,MSG-LD
musicality,e10c96f7-5562-40f1-af93-2f0bb4140d87,4,85,MSLDM,MGE-LDM
musicality,e10c96f7-5562-40f1-af93-2f0bb4140d87,5,86,MSG-LD,MGE-LDM
musicality,e10c96f7-5562-40f1-af93-2f0bb4140d87,5,86,MSG-LD-ext,MSG-LD
musicality,e10c96f7-5562-40f1-af93-2f0bb4140d87,5,86,MSLDM,MSG-LD
musicality,e10c96f7-5562-40f1-af93-2f0bb4140d87,5,86,MSG-LD-ext,MGE-LDM
musicality,e10c96f7-5562-40f1-af93-2f0bb4140d87,5,86,MSLDM,MGE-LDM
musicality,e10c96f7-5562-40f1-af93-2f0bb4140d87,5,86,MSG-LD-ext,MSLDM
musicality,e10c96f7-5562-40f1-af93-2f0bb4140d87,6,87,MGE-LDM,MSG-LD
musicality,e10c96f7-5562-40f1-af93-2f0bb4140d87,6,87,MSLDM,MGE-LDM
musicality,e10c96f7-5562-40f1-af93-2f0bb4140d87,6,87,MSG-LD-ext,MGE-LDM
musicality,e10c96f7-5562-40f1-af93-2f0bb4140d87,6,87,MSLDM,MSG-LD
musicality,e10c96f7-5562-40f1-af93-2f0bb4140d87,6,87,MSG-LD-ext,MSG-LD
musicality,e10c96f7-5562-40f1-af93-2f0bb4140d87,6,87,MSLDM,MSG-LD-ext
musicality,e10c96f7-5562-40f1-af93-2f0bb4140d87,7,88,MGE-LDM,MSG-LD-ext
musicality,e10c96f7-5562-40f1-af93-2f0bb4140d87,7,88,MSLDM,MGE-LDM
musicality,e10c96f7-5562-40f1-af93-2f0bb4140d87,7,88,MSG-LD,MGE-LDM
musicality,e10c96f7-5562-40f1-af93-2f0bb4140d87,7,88,MSLDM,MSG-LD-ext
musicality,e10c96f7-5562-40f1-af93-2f0bb4140d87,7,88,MSG-LD,MSG-LD-ext
musicality,e10c96f7-5562-40f1-af93-2f0bb4140d87,7,88,MSLDM,MSG-LD
musicality,f19335bb-5632-4d21-b8e8-09e79d6e8a75,1,89,MGE-LDM,MSLDM
musicality,f19335bb-5632-4d21-b8e8-09e79d6e8a75,1,89,MGE-LDM,MSG-LD
musicality,f19335bb-5632-4d21-b8e8-09e79d6e8a75,1,89,MGE-LDM,MSG-LD-ext
musicality,f19335bb-5632-4d21-b8e8-09e79d6e8a75,1,89,MSLDM,MSG-LD
musicality,f19335bb-5632-4d21-b8e8-09e79d6e8a75,1,89,MSG-LD-ext,MSLDM
musicality,f19335bb-5632-4d21-b8e8-09e79d6e8a75,1,89,MSG-LD-ext,MSG-LD
musicality,f19335bb-5632-4d21-b8e8-09e79d6e8a75,3,90,MSG-LD,MSG-LD-ext
musicality,f19335bb-5632-4d21-b8e8-09e79d6e8a75,3,90,MSG-LD,MSLDM
musicality,f19335bb-5632-4d21-b8e8-09e79d6e8a75,3,90,MSG-LD,MGE-LDM
musicality,f19335bb-5632-4d21-b8e8-09e79d6e8a75,3,90,MSG-LD-ext,MSLDM
musicality,f19335bb-5632-4d21-b8e8-09e79d6e8a75,3,90,MSG-LD-ext,MGE-LDM
musicality,f19335bb-5632-4d21-b8e8-09e79d6e8a75,3,90,MSLDM,MGE-LDM
musicality,f19335bb-5632-4d21-b8e8-09e79d6e8a75,4,91,MSG-LD,MSLDM
musicality,f19335bb-5632-4d21-b8e8-09e79d6e8a75,4,91,MSG-LD-ext,MSG-LD
musicality,f19335bb-5632-4d21-b8e8-09e79d6e8a75,4,91,MGE-LDM,MSG-LD
musicality,f19335bb-5632-4d21-b8e8-09e79d6e8a75,4,91,MSG-LD-ext,MSLDM
musicality,f19335bb-5632-4d21-b8e8-09e79d6e8a75,4,91,MGE-LDM,MSLDM
musicality,f19335bb-5632-4d21-b8e8-09e79d6e8a75,4,91,MSG-LD-ext,MGE-LDM
musicality,f19335bb-5632-4d21-b8e8-09e79d6e8a75,5,92,MSLDM,MGE-LDM
musicality,f19335bb-5632-4d21-b8e8-09e79d6e8a75,5,92,MSLDM,MSG-LD
musicality,f19335bb-5632-4d21-b8e8-09e79d6e8a75,5,92,MSLDM,MSG-LD-ext
musicality,f19335bb-5632-4d21-b8e8-09e79d6e8a75,5,92,MSG-LD,MGE-LDM
musicality,f19335bb-5632-4d21-b8e8-09e79d6e8a75,5,92,MGE-LDM,MSG-LD-ext
musicality,f19335bb-5632-4d21-b8e8-09e79d6e8a75,5,92,MSG-LD,MSG-LD-ext
musicality,f19335bb-5632-4d21-b8e8-09e79d6e8a75,6,93,MSG-LD-ext,MSG-LD
musicality,f19335bb-5632-4d21-b8e8-09e79d6e8a75,6,93,MGE-LDM,MSG-LD
musicality,f19335bb-5632-4d21-b8e8-09e79d6e8a75,6,93,MSLDM,MSG-LD
musicality,f19335bb-5632-4d21-b8e8-09e79d6e8a75,6,93,MGE-LDM,MSG-LD-ext
musicality,f19335bb-5632-4d21-b8e8-09e79d6e8a75,6,93,MSLDM,MSG-LD-ext
musicality,f19335bb-5632-4d21-b8e8-09e79d6e8a75,6,93,MGE-LDM,MSLDM
musicality,f19335bb-5632-4d21-b8e8-09e79d6e8a75,7,94,MSG-LD,MGE-LDM
musicality,f19335bb-5632-4d21-b8e8-09e79d6e8a75,7,94,MSG-LD,MSG-LD-ext
musicality,f19335bb-5632-4d21-b8e8-09e79d6e8a75,7,94,MSG-LD,MSLDM
musicality,f19335bb-5632-4d21-b8e8-09e79d6e8a75,7,94,MSG-LD-ext,MGE-LDM
musicality,f19335bb-5632-4d21-b8e8-09e79d6e8a75,7,94,MGE-LDM,MSLDM
musicality,f19335bb-5632-4d21-b8e8-09e79d6e8a75,7,94,MSG-LD-ext,MSLDM
musicality,ff117ea0-e81f-4f6b-91df-6a84dfc08a62,1,95,MGE-LDM,MSG-LD
musicality,ff117ea0-e81f-4f6b-91df-6a84dfc08a62,1,95,MSLDM,MSG-LD
musicality,ff117ea0-e81f-4f6b-91df-6a84dfc08a62,1,95,MSG-LD-ext,MSG-LD
musicality,ff117ea0-e81f-4f6b-91df-6a84dfc08a62,1,95,MSLDM,MGE-LDM
musicality,ff117ea0-e81f-4f6b-91df-6a84dfc08a62,1,95,MGE-LDM,MSG-LD-ext
musicality,ff117ea0-e81f-4f6b-91df-6a84dfc08a62,1,95,MSLDM,MSG-LD-ext
musicality,ff117ea0-e81f-4f6b-91df-6a84dfc08a62,2,96,MSLDM,MSG-LD-ext
musicality,ff117ea0-e81f-4f6b-91df-6a84dfc08a62,2,96,MSLDM,MGE-LDM
musicality,ff117ea0-e81f-4f6b-91df-6a84dfc08a62,2,96,MSLDM,MSG-LD
musicality,ff117ea0-e81f-4f6b-91df-6a84dfc08a62,2,96,MGE-LDM,MSG-LD-ext
musicality,ff117ea0-e81f-4f6b-91df-6a84dfc08a62,2,96,MSG-LD,MSG-LD-ext
musicality,ff117ea0-e81f-4f6b-91df-6a84dfc08a62,2,96,MGE-LDM,MSG-LD
musicality,ff117ea0-e81f-4f6b-91df-6a84dfc08a62,3,97,MSLDM,MSG-LD-ext
musicality,ff117ea0-e81f-4f6b-91df-6a84dfc08a62,3,97,MSG-LD,MSG-LD-ext
musicality,ff117ea0-e81f-4f6b-91df-6a84dfc08a62,3,97,MGE-LDM,MSG-LD-ext
musicality,ff117ea0-e81f-4f6b-91df-6a84dfc08a62,3,97,MSLDM,MSG-LD
musicality,ff117ea0-e81f-4f6b-91df-6a84dfc08a62,3,97,MSLDM,MGE-LDM
musicality,ff117ea0-e81f-4f6b-91df-6a84dfc08a62,3,97,MSG-LD,MGE-LDM
musicality,ff117ea0-e81f-4f6b-91df-6a84dfc08a62,4,98,MSLDM,MSG-LD-ext
musicality,ff117ea0-e81f-4f6b-91df-6a84dfc08a62,4,98,MSG-LD-ext,MSG-LD
musicality,ff117ea0-e81f-4f6b-91df-6a84dfc08a62,4,98,MSG-LD-ext,MGE-LDM
musicality,ff117ea0-e81f-4f6b-91df-6a84dfc08a62,4,98,MSLDM,MSG-LD
musicality,ff117ea0-e81f-4f6b-91df-6a84dfc08a62,4,98,MSLDM,MGE-LDM
musicality,ff117ea0-e81f-4f6b-91df-6a84dfc08a62,4,98,MSG-LD,MGE-LDM
musicality,ff117ea0-e81f-4f6b-91df-6a84dfc08a62,6,99,MSLDM,MSG-LD-ext
musicality,ff117ea0-e81f-4f6b-91df-6a84dfc08a62,6,99,MSLDM,MSG-LD
musicality,ff117ea0-e81f-4f6b-91df-6a84dfc08a62,6,99,MSLDM,MGE-LDM
musicality,ff117ea0-e81f-4f6b-91df-6a84dfc08a62,6,99,MSG-LD,MSG-LD-ext
musicality,ff117ea0-e81f-4f6b-91df-6a84dfc08a62,6,99,MSG-LD-ext,MGE-LDM
musicality,ff117ea0-e81f-4f6b-91df-6a84dfc08a62,6,99,MSG-LD,MGE-LDM
musicality,ff117ea0-e81f-4f6b-91df-6a84dfc08a62,7,100,MGE-LDM,MSG-LD-ext
musicality,ff117ea0-e81f-4f6b-91df-6a84dfc08a62,7,100,MGE-LDM,MSG-LD
musicality,ff117ea0-e81f-4f6b-91df-6a84dfc08a62,7,100,MSLDM,MGE-LDM
musicality,ff117ea0-e81f-4f6b-91df-6a84dfc08a62,7,100,MSG-LD-ext,MSG-LD
musicality,ff117ea0-e81f-4f6b-91df-6a84dfc08a62,7,100,MSLDM,MSG-LD-ext
musicality,ff117ea0-e81f-4f6b-91df-6a84dfc08a62,7,100,MSLDM,MSG-LD
coherence,1488dded-1f11-467f-bb52-1cf1e7b2e6c4,1,0,MSLDM,MSG-LD
coherence,1488dded-1f11-467f-bb52-1cf1e7b2e6c4,1,0,MSG-LD-ext,MSG-LD
coherence,1488dded-1f11-467f-bb52-1cf1e7b2e6c4,1,0,MGE-LDM,MSG-LD
coherence,1488dded-1f11-467f-bb52-1cf1e7b2e6c4,1,0,MSLDM,MSG-LD-ext
coherence,1488dded-1f11-467f-bb52-1cf1e7b2e6c4,1,0,MGE-LDM,MSLDM
coherence,1488dded-1f11-467f-bb52-1cf1e7b2e6c4,1,0,MGE-LDM,MSG-LD-ext
coherence,1488dded-1f11-467f-bb52-1cf1e7b2e6c4,2,1,MSLDM,MSG-LD
coherence,1488dded-1f11-467f-bb52-1cf1e7b2e6c4,2,1,MSLDM,MSG-LD-ext
coherence,1488dded-1f11-467f-bb52-1cf1e7b2e6c4,2,1,MSLDM,MGE-LDM
coherence,1488dded-1f11-467f-bb52-1cf1e7b2e6c4,2,1,MSG-LD-ext,MSG-LD
coherence,1488dded-1f11-467f-bb52-1cf1e7b2e6c4,2,1,MGE-LDM,MSG-LD
coherence,1488dded-1f11-467f-bb52-1cf1e7b2e6c4,2,1,MGE-LDM,MSG-LD-ext
coherence,1488dded-1f11-467f-bb52-1cf1e7b2e6c4,4,2,MGE-LDM,MSG-LD
coherence,1488dded-1f11-467f-bb52-1cf1e7b2e6c4,4,2,MSG-LD-ext,MSG-LD
coherence,1488dded-1f11-467f-bb52-1cf1e7b2e6c4,4,2,MSLDM,MSG-LD
coherence,1488dded-1f11-467f-bb52-1cf1e7b2e6c4,4,2,MGE-LDM,MSG-LD-ext
coherence,1488dded-1f11-467f-bb52-1cf1e7b2e6c4,4,2,MGE-LDM,MSLDM
coherence,1488dded-1f11-467f-bb52-1cf1e7b2e6c4,4,2,MSLDM,MSG-LD-ext
coherence,1488dded-1f11-467f-bb52-1cf1e7b2e6c4,5,3,MSLDM,MSG-LD
coherence,1488dded-1f11-467f-bb52-1cf1e7b2e6c4,5,3,MSG-LD-ext,MSG-LD
coherence,1488dded-1f11-467f-bb52-1cf1e7b2e6c4,5,3,MSG-LD,MGE-LDM
coherence,1488dded-1f11-467f-bb52-1cf1e7b2e6c4,5,3,MSLDM,MSG-LD-ext
coherence,1488dded-1f11-467f-bb52-1cf1e7b2e6c4,5,3,MSLDM,MGE-LDM
coherence,1488dded-1f11-467f-bb52-1cf1e7b2e6c4,5,3,MSG-LD-ext,MGE-LDM
coherence,1488dded-1f11-467f-bb52-1cf1e7b2e6c4,6,4,MSG-LD-ext,MGE-LDM
coherence,1488dded-1f11-467f-bb52-1cf1e7b2e6c4,6,4,MGE-LDM,MSLDM
coherence,1488dded-1f11-467f-bb52-1cf1e7b2e6c4,6,4,MGE-LDM,MSG-LD
coherence,1488dded-1f11-467f-bb52-1cf1e7b2e6c4,6,4,MSG-LD-ext,MSLDM
coherence,1488dded-1f11-467f-bb52-1cf1e7b2e6c4,6,4,MSG-LD-ext,MSG-LD
coherence,1488dded-1f11-467f-bb52-1cf1e7b2e6c4,6,4,MSG-LD,MSLDM
coherence,1488dded-1f11-467f-bb52-1cf1e7b2e6c4,8,5,MSLDM,MSG-LD-ext
coherence,1488dded-1f11-467f-bb52-1cf1e7b2e6c4,8,5,MSLDM,MSG-LD
coherence,1488dded-1f11-467f-bb52-1cf1e7b2e6c4,8,5,MSLDM,MGE-LDM
coherence,1488dded-1f11-467f-bb52-1cf1e7b2e6c4,8,5,MSG-LD,MSG-LD-ext
coherence,1488dded-1f11-467f-bb52-1cf1e7b2e6c4,8,5,MGE-LDM,MSG-LD-ext
coherence,1488dded-1f11-467f-bb52-1cf1e7b2e6c4,8,5,MGE-LDM,MSG-LD
coherence,19d9e602-d55d-43aa-88db-1dbf140562e7,2,6,MSLDM,MSG-LD-ext
coherence,19d9e602-d55d-43aa-88db-1dbf140562e7,2,6,MGE-LDM,MSG-LD-ext
coherence,19d9e602-d55d-43aa-88db-1dbf140562e7,2,6,MSG-LD-ext,MSG-LD
coherence,19d9e602-d55d-43aa-88db-1dbf140562e7,2,6,MSLDM,MGE-LDM
coherence,19d9e602-d55d-43aa-88db-1dbf140562e7,2,6,MSLDM,MSG-LD
coherence,19d9e602-d55d-43aa-88db-1dbf140562e7,2,6,MGE-LDM,MSG-LD
coherence,19d9e602-d55d-43aa-88db-1dbf140562e7,3,7,MGE-LDM,MSG-LD
coherence,19d9e602-d55d-43aa-88db-1dbf140562e7,3,7,MSG-LD-ext,MSG-LD
coherence,19d9e602-d55d-43aa-88db-1dbf140562e7,3,7,MSLDM,MSG-LD
coherence,19d9e602-d55d-43aa-88db-1dbf140562e7,3,7,MGE-LDM,MSG-LD-ext
coherence,19d9e602-d55d-43aa-88db-1dbf140562e7,3,7,MGE-LDM,MSLDM
coherence,19d9e602-d55d-43aa-88db-1dbf140562e7,3,7,MSLDM,MSG-LD-ext
coherence,19d9e602-d55d-43aa-88db-1dbf140562e7,4,8,MSG-LD-ext,MSG-LD
coherence,19d9e602-d55d-43aa-88db-1dbf140562e7,4,8,MSLDM,MSG-LD
coherence,19d9e602-d55d-43aa-88db-1dbf140562e7,4,8,MGE-LDM,MSG-LD
coherence,19d9e602-d55d-43aa-88db-1dbf140562e7,4,8,MSLDM,MSG-LD-ext
coherence,19d9e602-d55d-43aa-88db-1dbf140562e7,4,8,MGE-LDM,MSG-LD-ext
coherence,19d9e602-d55d-43aa-88db-1dbf140562e7,4,8,MSLDM,MGE-LDM
coherence,19d9e602-d55d-43aa-88db-1dbf140562e7,5,9,MSLDM,MSG-LD
coherence,19d9e602-d55d-43aa-88db-1dbf140562e7,5,9,MSG-LD-ext,MSG-LD
coherence,19d9e602-d55d-43aa-88db-1dbf140562e7,5,9,MGE-LDM,MSG-LD
coherence,19d9e602-d55d-43aa-88db-1dbf140562e7,5,9,MSLDM,MSG-LD-ext
coherence,19d9e602-d55d-43aa-88db-1dbf140562e7,5,9,MSLDM,MGE-LDM
coherence,19d9e602-d55d-43aa-88db-1dbf140562e7,5,9,MGE-LDM,MSG-LD-ext
coherence,19d9e602-d55d-43aa-88db-1dbf140562e7,6,10,MGE-LDM,MSLDM
coherence,19d9e602-d55d-43aa-88db-1dbf140562e7,6,10,MSLDM,MSG-LD
coherence,19d9e602-d55d-43aa-88db-1dbf140562e7,6,10,MSLDM,MSG-LD-ext
coherence,19d9e602-d55d-43aa-88db-1dbf140562e7,6,10,MGE-LDM,MSG-LD
coherence,19d9e602-d55d-43aa-88db-1dbf140562e7,6,10,MGE-LDM,MSG-LD-ext
coherence,19d9e602-d55d-43aa-88db-1dbf140562e7,6,10,MSG-LD,MSG-LD-ext
coherence,6cfe1857-9989-4472-a247-3f7b48b90b6f,1,11,MSLDM,MSG-LD-ext
coherence,6cfe1857-9989-4472-a247-3f7b48b90b6f,1,11,MSLDM,MGE-LDM
coherence,6cfe1857-9989-4472-a247-3f7b48b90b6f,1,11,MSLDM,MSG-LD
coherence,6cfe1857-9989-4472-a247-3f7b48b90b6f,1,11,MGE-LDM,MSG-LD-ext
coherence,6cfe1857-9989-4472-a247-3f7b48b90b6f,1,11,MSG-LD-ext,MSG-LD
coherence,6cfe1857-9989-4472-a247-3f7b48b90b6f,1,11,MGE-LDM,MSG-LD
coherence,6cfe1857-9989-4472-a247-3f7b48b90b6f,2,12,MSG-LD-ext,MSG-LD
coherence,6cfe1857-9989-4472-a247-3f7b48b90b6f,2,12,MSLDM,MSG-LD
coherence,6cfe1857-9989-4472-a247-3f7b48b90b6f,2,12,MGE-LDM,MSG-LD
coherence,6cfe1857-9989-4472-a247-3f7b48b90b6f,2,12,MSLDM,MSG-LD-ext
coherence,6cfe1857-9989-4472-a247-3f7b48b90b6f,2,12,MSG-LD-ext,MGE-LDM
coherence,6cfe1857-9989-4472-a247-3f7b48b90b6f,2,12,MSLDM,MGE-LDM
coherence,6cfe1857-9989-4472-a247-3f7b48b90b6f,3,13,MSLDM,MSG-LD-ext
coherence,6cfe1857-9989-4472-a247-3f7b48b90b6f,3,13,MGE-LDM,MSG-LD-ext
coherence,6cfe1857-9989-4472-a247-3f7b48b90b6f,3,13,MSG-LD,MSG-LD-ext
coherence,6cfe1857-9989-4472-a247-3f7b48b90b6f,3,13,MSLDM,MGE-LDM
coherence,6cfe1857-9989-4472-a247-3f7b48b90b6f,3,13,MSLDM,MSG-LD
coherence,6cfe1857-9989-4472-a247-3f7b48b90b6f,3,13,MGE-LDM,MSG-LD
coherence,6cfe1857-9989-4472-a247-3f7b48b90b6f,4,14,MSLDM,MSG-LD-ext
coherence,6cfe1857-9989-4472-a247-3f7b48b90b6f,4,14,MSLDM,MGE-LDM
coherence,6cfe1857-9989-4472-a247-3f7b48b90b6f,4,14,MSLDM,MSG-LD
coherence,6cfe1857-9989-4472-a247-3f7b48b90b6f,4,14,MGE-LDM,MSG-LD-ext
coherence,6cfe1857-9989-4472-a247-3f7b48b90b6f,4,14,MSG-LD-ext,MSG-LD
coherence,6cfe1857-9989-4472-a247-3f7b48b90b6f,4,14,MGE-LDM,MSG-LD
coherence,6cfe1857-9989-4472-a247-3f7b48b90b6f,5,15,MSLDM,MGE-LDM
coherence,6cfe1857-9989-4472-a247-3f7b48b90b6f,5,15,MGE-LDM,MSG-LD-ext
coherence,6cfe1857-9989-4472-a247-3f7b48b90b6f,5,15,MGE-LDM,MSG-LD
coherence,6cfe1857-9989-4472-a247-3f7b48b90b6f,5,15,MSLDM,MSG-LD-ext
coherence,6cfe1857-9989-4472-a247-3f7b48b90b6f,5,15,MSLDM,MSG-LD
coherence,6cfe1857-9989-4472-a247-3f7b48b90b6f,5,15,MSG-LD-ext,MSG-LD
coherence,6cfe1857-9989-4472-a247-3f7b48b90b6f,8,16,MGE-LDM,MSG-LD-ext
coherence,6cfe1857-9989-4472-a247-3f7b48b90b6f,8,16,MSLDM,MSG-LD-ext
coherence,6cfe1857-9989-4472-a247-3f7b48b90b6f,8,16,MSG-LD,MSG-LD-ext
coherence,6cfe1857-9989-4472-a247-3f7b48b90b6f,8,16,MGE-LDM,MSLDM
coherence,6cfe1857-9989-4472-a247-3f7b48b90b6f,8,16,MGE-LDM,MSG-LD
coherence,6cfe1857-9989-4472-a247-3f7b48b90b6f,8,16,MSLDM,MSG-LD
coherence,766d6cd3-b25f-492b-8b48-d68e2b8c5f5a,1,17,MSG-LD-ext,MSG-LD
coherence,766d6cd3-b25f-492b-8b48-d68e2b8c5f5a,1,17,MGE-LDM,MSG-LD
coherence,766d6cd3-b25f-492b-8b48-d68e2b8c5f5a,1,17,MSLDM,MSG-LD
coherence,766d6cd3-b25f-492b-8b48-d68e2b8c5f5a,1,17,MGE-LDM,MSG-LD-ext
coherence,766d6cd3-b25f-492b-8b48-d68e2b8c5f5a,1,17,MSG-LD-ext,MSLDM
coherence,766d6cd3-b25f-492b-8b48-d68e2b8c5f5a,1,17,MGE-LDM,MSLDM
coherence,766d6cd3-b25f-492b-8b48-d68e2b8c5f5a,3,18,MSG-LD-ext,MSG-LD
coherence,766d6cd3-b25f-492b-8b48-d68e2b8c5f5a,3,18,MGE-LDM,MSG-LD
coherence,766d6cd3-b25f-492b-8b48-d68e2b8c5f5a,3,18,MSLDM,MSG-LD
coherence,766d6cd3-b25f-492b-8b48-d68e2b8c5f5a,3,18,MGE-LDM,MSG-LD-ext
coherence,766d6cd3-b25f-492b-8b48-d68e2b8c5f5a,3,18,MSG-LD-ext,MSLDM
coherence,766d6cd3-b25f-492b-8b48-d68e2b8c5f5a,3,18,MGE-LDM,MSLDM
coherence,766d6cd3-b25f-492b-8b48-d68e2b8c5f5a,4,19,MGE-LDM,MSG-LD
coherence,766d6cd3-b25f-492b-8b48-d68e2b8c5f5a,4,19,MSG-LD-ext,MSG-LD
coherence,766d6cd3-b25f-492b-8b48-d68e2b8c5f5a,4,19,MSLDM,MSG-LD
coherence,766d6cd3-b25f-492b-8b48-d68e2b8c5f5a,4,19,MGE-LDM,MSG-LD-ext
coherence,766d6cd3-b25f-492b-8b48-d68e2b8c5f5a,4,19,MGE-LDM,MSLDM
coherence,766d6cd3-b25f-492b-8b48-d68e2b8c5f5a,4,19,MSLDM,MSG-LD-ext
coherence,766d6cd3-b25f-492b-8b48-d68e2b8c5f5a,5,20,MGE-LDM,MSG-LD
coherence,766d6cd3-b25f-492b-8b48-d68e2b8c5f5a,5,20,MGE-LDM,MSLDM
coherence,766d6cd3-b25f-492b-8b48-d68e2b8c5f5a,5,20,MGE-LDM,MSG-LD-ext
coherence,766d6cd3-b25f-492b-8b48-d68e2b8c5f5a,5,20,MSLDM,MSG-LD
coherence,766d6cd3-b25f-492b-8b48-d68e2b8c5f5a,5,20,MSG-LD-ext,MSG-LD
coherence,766d6cd3-b25f-492b-8b48-d68e2b8c5f5a,5,20,MSG-LD-ext,MSLDM
coherence,766d6cd3-b25f-492b-8b48-d68e2b8c5f5a,6,21,MGE-LDM,MSG-LD
coherence,766d6cd3-b25f-492b-8b48-d68e2b8c5f5a,6,21,MSLDM,MSG-LD
coherence,766d6cd3-b25f-492b-8b48-d68e2b8c5f5a,6,21,MSG-LD,MSG-LD-ext
coherence,766d6cd3-b25f-492b-8b48-d68e2b8c5f5a,6,21,MGE-LDM,MSLDM
coherence,766d6cd3-b25f-492b-8b48-d68e2b8c5f5a,6,21,MGE-LDM,MSG-LD-ext
coherence,766d6cd3-b25f-492b-8b48-d68e2b8c5f5a,6,21,MSLDM,MSG-LD-ext
coherence,766d6cd3-b25f-492b-8b48-d68e2b8c5f5a,8,22,MSLDM,MSG-LD-ext
coherence,766d6cd3-b25f-492b-8b48-d68e2b8c5f5a,8,22,MSG-LD,MSG-LD-ext
coherence,766d6cd3-b25f-492b-8b48-d68e2b8c5f5a,8,22,MGE-LDM,MSG-LD-ext
coherence,766d6cd3-b25f-492b-8b48-d68e2b8c5f5a,8,22,MSLDM,MSG-LD
coherence,766d6cd3-b25f-492b-8b48-d68e2b8c5f5a,8,22,MSLDM,MGE-LDM
coherence,766d6cd3-b25f-492b-8b48-d68e2b8c5f5a,8,22,MGE-LDM,MSG-LD
coherence,7d4e6772-7b8a-4b0b-b9c4-28308ee62204,1,23,MGE-LDM,MSG-LD
coherence,7d4e6772-7b8a-4b0b-b9c4-28308ee62204,1,23,MSG-LD-ext,MSG-LD
coherence,7d4e6772-7b8a-4b0b-b9c4-28308ee62204,1,23,MSLDM,MSG-LD
coherence,7d4e6772-7b8a-4b0b-b9c4-28308ee62204,1,23,MGE-LDM,MSG-LD-ext
coherence,7d4e6772-7b8a-4b0b-b9c4-28308ee62204,1,23,MGE-LDM,MSLDM
coherence,7d4e6772-7b8a-4b0b-b9c4-28308ee62204,1,23,MSG-LD-ext,MSLDM
coherence,7d4e6772-7b8a-4b0b-b9c4-28308ee62204,2,24,MSLDM,MSG-LD-ext
coherence,7d4e6772-7b8a-4b0b-b9c4-28308ee62204,2,24,MSLDM,MGE-LDM
coherence,7d4e6772-7b8a-4b0b-b9c4-28308ee62204,2,24,MSLDM,MSG-LD
coherence,7d4e6772-7b8a-4b0b-b9c4-28308ee62204,2,24,MGE-LDM,MSG-LD-ext
coherence,7d4e6772-7b8a-4b0b-b9c4-28308ee62204,2,24,MSG-LD,MSG-LD-ext
coherence,7d4e6772-7b8a-4b0b-b9c4-28308ee62204,2,24,MGE-LDM,MSG-LD
coherence,7d4e6772-7b8a-4b0b-b9c4-28308ee62204,3,25,MSG-LD,MSG-LD-ext
coherence,7d4e6772-7b8a-4b0b-b9c4-28308ee62204,3,25,MSLDM,MSG-LD-ext
coherence,7d4e6772-7b8a-4b0b-b9c4-28308ee62204,3,25,MGE-LDM,MSG-LD-ext
coherence,7d4e6772-7b8a-4b0b-b9c4-28308ee62204,3,25,MSLDM,MSG-LD
coherence,7d4e6772-7b8a-4b0b-b9c4-28308ee62204,3,25,MSG-LD,MGE-LDM
coherence,7d4e6772-7b8a-4b0b-b9c4-28308ee62204,3,25,MSLDM,MGE-LDM
coherence,7d4e6772-7b8a-4b0b-b9c4-28308ee62204,4,26,MSG-LD,MGE-LDM
coherence,7d4e6772-7b8a-4b0b-b9c4-28308ee62204,4,26,MSLDM,MGE-LDM
coherence,7d4e6772-7b8a-4b0b-b9c4-28308ee62204,4,26,MGE-LDM,MSG-LD-ext
coherence,7d4e6772-7b8a-4b0b-b9c4-28308ee62204,4,26,MSLDM,MSG-LD
coherence,7d4e6772-7b8a-4b0b-b9c4-28308ee62204,4,26,MSG-LD,MSG-LD-ext
coherence,7d4e6772-7b8a-4b0b-b9c4-28308ee62204,4,26,MSLDM,MSG-LD-ext
coherence,7d4e6772-7b8a-4b0b-b9c4-28308ee62204,5,27,MSLDM,MSG-LD-ext
coherence,7d4e6772-7b8a-4b0b-b9c4-28308ee62204,5,27,MSLDM,MGE-LDM
coherence,7d4e6772-7b8a-4b0b-b9c4-28308ee62204,5,27,MSLDM,MSG-LD
coherence,7d4e6772-7b8a-4b0b-b9c4-28308ee62204,5,27,MSG-LD-ext,MGE-LDM
coherence,7d4e6772-7b8a-4b0b-b9c4-28308ee62204,5,27,MSG-LD-ext,MSG-LD
coherence,7d4e6772-7b8a-4b0b-b9c4-28308ee62204,5,27,MGE-LDM,MSG-LD
coherence,7d4e6772-7b8a-4b0b-b9c4-28308ee62204,6,28,MGE-LDM,MSG-LD-ext
coherence,7d4e6772-7b8a-4b0b-b9c4-28308ee62204,6,28,MSG-LD-ext,MSLDM
coherence,7d4e6772-7b8a-4b0b-b9c4-28308ee62204,6,28,MSG-LD-ext,MSG-LD
coherence,7d4e6772-7b8a-4b0b-b9c4-28308ee62204,6,28,MGE-LDM,MSLDM
coherence,7d4e6772-7b8a-4b0b-b9c4-28308ee62204,6,28,MGE-LDM,MSG-LD
coherence,7d4e6772-7b8a-4b0b-b9c4-28308ee62204,6,28,MSLDM,MSG-LD
coherence,7f4e4edb-e140-4d73-a296-80d237dd0b7f,2,29,MGE-LDM,MSG-LD-ext
coherence,7f4e4edb-e140-4d73-a296-80d237dd0b7f,2,29,MGE-LDM,MSLDM
coherence,7f4e4edb-e140-4d73-a296-80d237dd0b7f,2,29,MGE-LDM,MSG-LD
coherence,7f4e4edb-e140-4d73-a296-80d237dd0b7f,2,29,MSLDM,MSG-LD-ext
coherence,7f4e4edb-e140-4d73-a296-80d237dd0b7f,2,29,MSG-LD,MSG-LD-ext
coherence,7f4e4edb-e140-4d73-a296-80d237dd0b7f,2,29,MSLDM,MSG-LD
coherence,7f4e4edb-e140-4d73-a296-80d237dd0b7f,3,30,MSLDM,MGE-LDM
coherence,7f4e4edb-e140-4d73-a296-80d237dd0b7f,3,30,MSLDM,MSG-LD-ext
coherence,7f4e4edb-e140-4d73-a296-80d237dd0b7f,3,30,MSLDM,MSG-LD
coherence,7f4e4edb-e140-4d73-a296-80d237dd0b7f,3,30,MGE-LDM,MSG-LD-ext
coherence,7f4e4edb-e140-4d73-a296-80d237dd0b7f,3,30,MGE-LDM,MSG-LD
coherence,7f4e4edb-e140-4d73-a296-80d237dd0b7f,3,30,MSG-LD,MSG-LD-ext
coherence,7f4e4edb-e140-4d73-a296-80d237dd0b7f,4,31,MGE-LDM,MSG-LD-ext
coherence,7f4e4edb-e140-4d73-a296-80d237dd0b7f,4,31,MSLDM,MGE-LDM
coherence,7f4e4edb-e140-4d73-a296-80d237dd0b7f,4,31,MGE-LDM,MSG-LD
coherence,7f4e4edb-e140-4d73-a296-80d237dd0b7f,4,31,MSLDM,MSG-LD-ext
coherence,7f4e4edb-e140-4d73-a296-80d237dd0b7f,4,31,MSG-LD-ext,MSG-LD
coherence,7f4e4edb-e140-4d73-a296-80d237dd0b7f,4,31,MSLDM,MSG-LD
coherence,7f4e4edb-e140-4d73-a296-80d237dd0b7f,5,32,MSLDM,MSG-LD
coherence,7f4e4edb-e140-4d73-a296-80d237dd0b7f,5,32,MSLDM,MSG-LD-ext
coherence,7f4e4edb-e140-4d73-a296-80d237dd0b7f,5,32,MSLDM,MGE-LDM
coherence,7f4e4edb-e140-4d73-a296-80d237dd0b7f,5,32,MSG-LD-ext,MSG-LD
coherence,7f4e4edb-e140-4d73-a296-80d237dd0b7f,5,32,MGE-LDM,MSG-LD
coherence,7f4e4edb-e140-4d73-a296-80d237dd0b7f,5,32,MSG-LD-ext,MGE-LDM
coherence,7f4e4edb-e140-4d73-a296-80d237dd0b7f,6,33,MSLDM,MGE-LDM
coherence,7f4e4edb-e140-4d73-a296-80d237dd0b7f,6,33,MSLDM,MSG-LD
coherence,7f4e4edb-e140-4d73-a296-80d237dd0b7f,6,33,MSLDM,MSG-LD-ext
coherence,7f4e4edb-e140-4d73-a296-80d237dd0b7f,6,33,MGE-LDM,MSG-LD
coherence,7f4e4edb-e140-4d73-a296-80d237dd0b7f,6,33,MGE-LDM,MSG-LD-ext
coherence,7f4e4edb-e140-4d73-a296-80d237dd0b7f,6,33,MSG-LD-ext,MSG-LD
coherence,7f4e4edb-e140-4d73-a296-80d237dd0b7f,7,34,MSLDM,MSG-LD
coherence,7f4e4edb-e140-4d73-a296-80d237dd0b7f,7,34,MGE-LDM,MSG-LD
coherence,7f4e4edb-e140-4d73-a296-80d237dd0b7f,7,34,MSG-LD,MSG-LD-ext
coherence,7f4e4edb-e140-4d73-a296-80d237dd0b7f,7,34,MSLDM,MGE-LDM
coherence,7f4e4edb-e140-4d73-a296-80d237dd0b7f,7,34,MSLDM,MSG-LD-ext
coherence,7f4e4edb-e140-4d73-a296-80d237dd0b7f,7,34,MGE-LDM,MSG-LD-ext
coherence,865d8d60-a54a-4245-b568-cefc74bc55d5,1,35,MSLDM,MGE-LDM
coherence,865d8d60-a54a-4245-b568-cefc74bc55d5,1,35,MGE-LDM,MSG-LD
coherence,865d8d60-a54a-4245-b568-cefc74bc55d5,1,35,MSG-LD-ext,MGE-LDM
coherence,865d8d60-a54a-4245-b568-cefc74bc55d5,1,35,MSLDM,MSG-LD
coherence,865d8d60-a54a-4245-b568-cefc74bc55d5,1,35,MSLDM,MSG-LD-ext
coherence,865d8d60-a54a-4245-b568-cefc74bc55d5,1,35,MSG-LD-ext,MSG-LD
coherence,865d8d60-a54a-4245-b568-cefc74bc55d5,2,36,MSLDM,MSG-LD-ext
coherence,865d8d60-a54a-4245-b568-cefc74bc55d5,2,36,MSLDM,MSG-LD
coherence,865d8d60-a54a-4245-b568-cefc74bc55d5,2,36,MSLDM,MGE-LDM
coherence,865d8d60-a54a-4245-b568-cefc74bc55d5,2,36,MSG-LD-ext,MSG-LD
coherence,865d8d60-a54a-4245-b568-cefc74bc55d5,2,36,MSG-LD-ext,MGE-LDM
coherence,865d8d60-a54a-4245-b568-cefc74bc55d5,2,36,MSG-LD,MGE-LDM
coherence,865d8d60-a54a-4245-b568-cefc74bc55d5,3,37,MGE-LDM,MSG-LD
coherence,865d8d60-a54a-4245-b568-cefc74bc55d5,3,37,MGE-LDM,MSG-LD-ext
coherence,865d8d60-a54a-4245-b568-cefc74bc55d5,3,37,MSLDM,MGE-LDM
coherence,865d8d60-a54a-4245-b568-cefc74bc55d5,3,37,MSG-LD-ext,MSG-LD
coherence,865d8d60-a54a-4245-b568-cefc74bc55d5,3,37,MSLDM,MSG-LD
coherence,865d8d60-a54a-4245-b568-cefc74bc55d5,3,37,MSLDM,MSG-LD-ext
coherence,865d8d60-a54a-4245-b568-cefc74bc55d5,4,38,MGE-LDM,MSG-LD
coherence,865d8d60-a54a-4245-b568-cefc74bc55d5,4,38,MGE-LDM,MSLDM
coherence,865d8d60-a54a-4245-b568-cefc74bc55d5,4,38,MGE-LDM,MSG-LD-ext
coherence,865d8d60-a54a-4245-b568-cefc74bc55d5,4,38,MSLDM,MSG-LD
coherence,865d8d60-a54a-4245-b568-cefc74bc55d5,4,38,MSG-LD,MSG-LD-ext
coherence,865d8d60-a54a-4245-b568-cefc74bc55d5,4,38,MSLDM,MSG-LD-ext
coherence,865d8d60-a54a-4245-b568-cefc74bc55d5,5,39,MSLDM,MSG-LD
coherence,865d8d60-a54a-4245-b568-cefc74bc55d5,5,39,MSLDM,MGE-LDM
coherence,865d8d60-a54a-4245-b568-cefc74bc55d5,5,39,MSLDM,MSG-LD-ext
coherence,865d8d60-a54a-4245-b568-cefc74bc55d5,5,39,MSG-LD,MGE-LDM
coherence,865d8d60-a54a-4245-b568-cefc74bc55d5,5,39,MSG-LD,MSG-LD-ext
coherence,865d8d60-a54a-4245-b568-cefc74bc55d5,5,39,MGE-LDM,MSG-LD-ext
coherence,865d8d60-a54a-4245-b568-cefc74bc55d5,8,40,MSLDM,MSG-LD-ext
coherence,865d8d60-a54a-4245-b568-cefc74bc55d5,8,40,MSLDM,MGE-LDM
coherence,865d8d60-a54a-4245-b568-cefc74bc55d5,8,40,MSLDM,MSG-LD
coherence,865d8d60-a54a-4245-b568-cefc74bc55d5,8,40,MGE-LDM,MSG-LD-ext
coherence,865d8d60-a54a-4245-b568-cefc74bc55d5,8,40,MSG-LD-ext,MSG-LD
coherence,865d8d60-a54a-4245-b568-cefc74bc55d5,8,40,MGE-LDM,MSG-LD
coherence,90e130dd-0bf6-4924-ad02-a98ef2cf2bd6,2,41,MSG-LD,MSG-LD-ext
coherence,90e130dd-0bf6-4924-ad02-a98ef2cf2bd6,2,41,MSLDM,MSG-LD
coherence,90e130dd-0bf6-4924-ad02-a98ef2cf2bd6,2,41,MSG-LD,MGE-LDM
coherence,90e130dd-0bf6-4924-ad02-a98ef2cf2bd6,2,41,MSLDM,MSG-LD-ext
coherence,90e130dd-0bf6-4924-ad02-a98ef2cf2bd6,2,41,MSG-LD-ext,MGE-LDM
coherence,90e130dd-0bf6-4924-ad02-a98ef2cf2bd6,2,41,MSLDM,MGE-LDM
coherence,90e130dd-0bf6-4924-ad02-a98ef2cf2bd6,3,42,MGE-LDM,MSG-LD-ext
coherence,90e130dd-0bf6-4924-ad02-a98ef2cf2bd6,3,42,MSG-LD,MGE-LDM
coherence,90e130dd-0bf6-4924-ad02-a98ef2cf2bd6,3,42,MSLDM,MGE-LDM
coherence,90e130dd-0bf6-4924-ad02-a98ef2cf2bd6,3,42,MSG-LD,MSG-LD-ext
coherence,90e130dd-0bf6-4924-ad02-a98ef2cf2bd6,3,42,MSLDM,MSG-LD-ext
coherence,90e130dd-0bf6-4924-ad02-a98ef2cf2bd6,3,42,MSLDM,MSG-LD
coherence,90e130dd-0bf6-4924-ad02-a98ef2cf2bd6,4,43,MSLDM,MGE-LDM
coherence,90e130dd-0bf6-4924-ad02-a98ef2cf2bd6,4,43,MSLDM,MSG-LD
coherence,90e130dd-0bf6-4924-ad02-a98ef2cf2bd6,4,43,MSLDM,MSG-LD-ext
coherence,90e130dd-0bf6-4924-ad02-a98ef2cf2bd6,4,43,MGE-LDM,MSG-LD
coherence,90e130dd-0bf6-4924-ad02-a98ef2cf2bd6,4,43,MGE-LDM,MSG-LD-ext
coherence,90e130dd-0bf6-4924-ad02-a98ef2cf2bd6,4,43,MSG-LD-ext,MSG-LD
coherence,90e130dd-0bf6-4924-ad02-a98ef2cf2bd6,5,44,MSLDM,MSG-LD-ext
coherence,90e130dd-0bf6-4924-ad02-a98ef2cf2bd6,5,44,MGE-LDM,MSG-LD-ext
coherence,90e130dd-0bf6-4924-ad02-a98ef2cf2bd6,5,44,MSG-LD-ext,MSG-LD
coherence,90e130dd-0bf6-4924-ad02-a98ef2cf2bd6,5,44,MSLDM,MGE-LDM
coherence,90e130dd-0bf6-4924-ad02-a98ef2cf2bd6,5,44,MSLDM,MSG-LD
coherence,90e130dd-0bf6-4924-ad02-a98ef2cf2bd6,5,44,MGE-LDM,MSG-LD
coherence,90e130dd-0bf6-4924-ad02-a98ef2cf2bd6,6,45,MSG-LD,MSG-LD-ext
coherence,90e130dd-0bf6-4924-ad02-a98ef2cf2bd6,6,45,MSLDM,MSG-LD-ext
coherence,90e130dd-0bf6-4924-ad02-a98ef2cf2bd6,6,45,MSG-LD-ext,MGE-LDM
coherence,90e130dd-0bf6-4924-ad02-a98ef2cf2bd6,6,45,MSLDM,MSG-LD
coherence,90e130dd-0bf6-4924-ad02-a98ef2cf2bd6,6,45,MSG-LD,MGE-LDM
coherence,90e130dd-0bf6-4924-ad02-a98ef2cf2bd6,6,45,MSLDM,MGE-LDM
coherence,90e130dd-0bf6-4924-ad02-a98ef2cf2bd6,7,46,MGE-LDM,MSG-LD-ext
coherence,90e130dd-0bf6-4924-ad02-a98ef2cf2bd6,7,46,MSLDM,MGE-LDM
coherence,90e130dd-0bf6-4924-ad02-a98ef2cf2bd6,7,46,MGE-LDM,MSG-LD
coherence,90e130dd-0bf6-4924-ad02-a98ef2cf2bd6,7,46,MSLDM,MSG-LD-ext
coherence,90e130dd-0bf6-4924-ad02-a98ef2cf2bd6,7,46,MSG-LD-ext,MSG-LD
coherence,90e130dd-0bf6-4924-ad02-a98ef2cf2bd6,7,46,MSLDM,MSG-LD
coherence,939a437f-48a6-4f71-b0fb-a7bc06bb81d6,2,47,MSLDM,MSG-LD-ext
coherence,939a437f-48a6-4f71-b0fb-a7bc06bb81d6,2,47,MSG-LD-ext,MSG-LD
coherence,939a437f-48a6-4f71-b0fb-a7bc06bb81d6,2,47,MGE-LDM,MSG-LD-ext
coherence,939a437f-48a6-4f71-b0fb-a7bc06bb81d6,2,47,MSLDM,MSG-LD
coherence,939a437f-48a6-4f71-b0fb-a7bc06bb81d6,2,47,MSLDM,MGE-LDM
coherence,939a437f-48a6-4f71-b0fb-a7bc06bb81d6,2,47,MGE-LDM,MSG-LD
coherence,939a437f-48a6-4f71-b0fb-a7bc06bb81d6,3,48,MGE-LDM,MSG-LD
coherence,939a437f-48a6-4f71-b0fb-a7bc06bb81d6,3,48,MGE-LDM,MSG-LD-ext
coherence,939a437f-48a6-4f71-b0fb-a7bc06bb81d6,3,48,MSLDM,MGE-LDM
coherence,939a437f-48a6-4f71-b0fb-a7bc06bb81d6,3,48,MSG-LD-ext,MSG-LD
coherence,939a437f-48a6-4f71-b0fb-a7bc06bb81d6,3,48,MSLDM,MSG-LD
coherence,939a437f-48a6-4f71-b0fb-a7bc06bb81d6,3,48,MSLDM,MSG-LD-ext
coherence,939a437f-48a6-4f71-b0fb-a7bc06bb81d6,4,49,MGE-LDM,MSG-LD
coherence,939a437f-48a6-4f71-b0fb-a7bc06bb81d6,4,49,MSLDM,MSG-LD
coherence,939a437f-48a6-4f71-b0fb-a7bc06bb81d6,4,49,MSG-LD,MSG-LD-ext
coherence,939a437f-48a6-4f71-b0fb-a7bc06bb81d6,4,49,MSLDM,MGE-LDM
coherence,939a437f-48a6-4f71-b0fb-a7bc06bb81d6,4,49,MGE-LDM,MSG-LD-ext
coherence,939a437f-48a6-4f71-b0fb-a7bc06bb81d6,4,49,MSLDM,MSG-LD-ext
coherence,939a437f-48a6-4f71-b0fb-a7bc06bb81d6,5,50,MSLDM,MGE-LDM
coherence,939a437f-48a6-4f71-b0fb-a7bc06bb81d6,5,50,MGE-LDM,MSG-LD
coherence,939a437f-48a6-4f71-b0fb-a7bc06bb81d6,5,50,MGE-LDM,MSG-LD-ext
coherence,939a437f-48a6-4f71-b0fb-a7bc06bb81d6,5,50,MSLDM,MSG-LD
coherence,939a437f-48a6-4f71-b0fb-a7bc06bb81d6,5,50,MSLDM,MSG-LD-ext
coherence,939a437f-48a6-4f71-b0fb-a7bc06bb81d6,5,50,MSG-LD-ext,MSG-LD
coherence,939a437f-48a6-4f71-b0fb-a7bc06bb81d6,6,51,MGE-LDM,MSG-LD-ext
coherence,939a437f-48a6-4f71-b0fb-a7bc06bb81d6,6,51,MSG-LD-ext,MSG-LD
coherence,939a437f-48a6-4f71-b0fb-a7bc06bb81d6,6,51,MSLDM,MSG-LD-ext
coherence,939a437f-48a6-4f71-b0fb-a7bc06bb81d6,6,51,MGE-LDM,MSG-LD
coherence,939a437f-48a6-4f71-b0fb-a7bc06bb81d6,6,51,MSLDM,MGE-LDM
coherence,939a437f-48a6-4f71-b0fb-a7bc06bb81d6,6,51,MSLDM,MSG-LD
coherence,939a437f-48a6-4f71-b0fb-a7bc06bb81d6,7,52,MSLDM,MSG-LD-ext
coherence,939a437f-48a6-4f71-b0fb-a7bc06bb81d6,7,52,MSLDM,MGE-LDM
coherence,939a437f-48a6-4f71-b0fb-a7bc06bb81d6,7,52,MSLDM,MSG-LD
coherence,939a437f-48a6-4f71-b0fb-a7bc06bb81d6,7,52,MGE-LDM,MSG-LD-ext
coherence,939a437f-48a6-4f71-b0fb-a7bc06bb81d6,7,52,MSG-LD-ext,MSG-LD
coherence,939a437f-48a6-4f71-b0fb-a7bc06bb81d6,7,52,MGE-LDM,MSG-LD
coherence,93f687d6-4dd9-44b5-b1d8-037d2f34be33,1,53,MSLDM,MSG-LD-ext
coherence,93f687d6-4dd9-44b5-b1d8-037d2f34be33,1,53,MSG-LD-ext,MSG-LD
coherence,93f687d6-4dd9-44b5-b1d8-037d2f34be33,1,53,MSG-LD-ext,MGE-LDM
coherence,93f687d6-4dd9-44b5-b1d8-037d2f34be33,1,53,MSLDM,MSG-LD
coherence,93f687d6-4dd9-44b5-b1d8-037d2f34be33,1,53,MSLDM,MGE-LDM
coherence,93f687d6-4dd9-44b5-b1d8-037d2f34be33,1,53,MGE-LDM,MSG-LD
coherence,93f687d6-4dd9-44b5-b1d8-037d2f34be33,2,54,MSLDM,MGE-LDM
coherence,93f687d6-4dd9-44b5-b1d8-037d2f34be33,2,54,MGE-LDM,MSG-LD
coherence,93f687d6-4dd9-44b5-b1d8-037d2f34be33,2,54,MGE-LDM,MSG-LD-ext
coherence,93f687d6-4dd9-44b5-b1d8-037d2f34be33,2,54,MSLDM,MSG-LD
coherence,93f687d6-4dd9-44b5-b1d8-037d2f34be33,2,54,MSLDM,MSG-LD-ext
coherence,93f687d6-4dd9-44b5-b1d8-037d2f34be33,2,54,MSG-LD-ext,MSG-LD
coherence,93f687d6-4dd9-44b5-b1d8-037d2f34be33,3,55,MSLDM,MGE-LDM
coherence,93f687d6-4dd9-44b5-b1d8-037d2f34be33,3,55,MGE-LDM,MSG-LD
coherence,93f687d6-4dd9-44b5-b1d8-037d2f34be33,3,55,MGE-LDM,MSG-LD-ext
coherence,93f687d6-4dd9-44b5-b1d8-037d2f34be33,3,55,MSLDM,MSG-LD
coherence,93f687d6-4dd9-44b5-b1d8-037d2f34be33,3,55,MSLDM,MSG-LD-ext
coherence,93f687d6-4dd9-44b5-b1d8-037d2f34be33,3,55,MSG-LD-ext,MSG-LD
coherence,93f687d6-4dd9-44b5-b1d8-037d2f34be33,5,56,MSG-LD,MGE-LDM
coherence,93f687d6-4dd9-44b5-b1d8-037d2f34be33,5,56,MSLDM,MSG-LD
coherence,93f687d6-4dd9-44b5-b1d8-037d2f34be33,5,56,MSG-LD,MSG-LD-ext
coherence,93f687d6-4dd9-44b5-b1d8-037d2f34be33,5,56,MSLDM,MGE-LDM
coherence,93f687d6-4dd9-44b5-b1d8-037d2f34be33,5,56,MSG-LD-ext,MGE-LDM
coherence,93f687d6-4dd9-44b5-b1d8-037d2f34be33,5,56,MSLDM,MSG-LD-ext
coherence,93f687d6-4dd9-44b5-b1d8-037d2f34be33,7,57,MSG-LD-ext,MSLDM
coherence,93f687d6-4dd9-44b5-b1d8-037d2f34be33,7,57,MSG-LD,MSG-LD-ext
coherence,93f687d6-4dd9-44b5-b1d8-037d2f34be33,7,57,MSG-LD-ext,MGE-LDM
coherence,93f687d6-4dd9-44b5-b1d8-037d2f34be33,7,57,MSG-LD,MSLDM
coherence,93f687d6-4dd9-44b5-b1d8-037d2f34be33,7,57,MGE-LDM,MSLDM
coherence,93f687d6-4dd9-44b5-b1d8-037d2f34be33,7,57,MSG-LD,MGE-LDM
coherence,93f687d6-4dd9-44b5-b1d8-037d2f34be33,8,58,MSG-LD,MSLDM
coherence,93f687d6-4dd9-44b5-b1d8-037d2f34be33,8,58,MSLDM,MGE-LDM
coherence,93f687d6-4dd9-44b5-b1d8-037d2f34be33,8,58,MSLDM,MSG-LD-ext
coherence,93f687d6-4dd9-44b5-b1d8-037d2f34be33,8,58,MSG-LD,MGE-LDM
coherence,93f687d6-4dd9-44b5-b1d8-037d2f34be33,8,58,MSG-LD,MSG-LD-ext
coherence,93f687d6-4dd9-44b5-b1d8-037d2f34be33,8,58,MGE-LDM,MSG-LD-ext
coherence,9ce755b5-fc75-404d-ba22-455324eef5fc,2,59,MSLDM,MSG-LD-ext
coherence,9ce755b5-fc75-404d-ba22-455324eef5fc,2,59,MSG-LD-ext,MSG-LD
coherence,9ce755b5-fc75-404d-ba22-455324eef5fc,2,59,MGE-LDM,MSG-LD-ext
coherence,9ce755b5-fc75-404d-ba22-455324eef5fc,2,59,MSLDM,MSG-LD
coherence,9ce755b5-fc75-404d-ba22-455324eef5fc,2,59,MSLDM,MGE-LDM
coherence,9ce755b5-fc75-404d-ba22-455324eef5fc,2,59,MGE-LDM,MSG-LD
coherence,9ce755b5-fc75-404d-ba22-455324eef5fc,3,60,MGE-LDM,MSG-LD
coherence,9ce755b5-fc75-404d-ba22-455324eef5fc,3,60,MGE-LDM,MSG-LD-ext
coherence,9ce755b5-fc75-404d-ba22-455324eef5fc,3,60,MGE-LDM,MSLDM
coherence,9ce755b5-fc75-404d-ba22-455324eef5fc,3,60,MSG-LD-ext,MSG-LD
coherence,9ce755b5-fc75-404d-ba22-455324eef5fc,3,60,MSLDM,MSG-LD
coherence,9ce755b5-fc75-404d-ba22-455324eef5fc,3,60,MSLDM,MSG-LD-ext
coherence,9ce755b5-fc75-404d-ba22-455324eef5fc,4,61,MGE-LDM,MSG-LD
coherence,9ce755b5-fc75-404d-ba22-455324eef5fc,4,61,MSLDM,MSG-LD
coherence,9ce755b5-fc75-404d-ba22-455324eef5fc,4,61,MSG-LD,MSG-LD-ext
coherence,9ce755b5-fc75-404d-ba22-455324eef5fc,4,61,MSLDM,MGE-LDM
coherence,9ce755b5-fc75-404d-ba22-455324eef5fc,4,61,MGE-LDM,MSG-LD-ext
coherence,9ce755b5-fc75-404d-ba22-455324eef5fc,4,61,MSLDM,MSG-LD-ext
coherence,9ce755b5-fc75-404d-ba22-455324eef5fc,5,62,MSLDM,MGE-LDM
coherence,9ce755b5-fc75-404d-ba22-455324eef5fc,5,62,MGE-LDM,MSG-LD
coherence,9ce755b5-fc75-404d-ba22-455324eef5fc,5,62,MGE-LDM,MSG-LD-ext
coherence,9ce755b5-fc75-404d-ba22-455324eef5fc,5,62,MSLDM,MSG-LD
coherence,9ce755b5-fc75-404d-ba22-455324eef5fc,5,62,MSLDM,MSG-LD-ext
coherence,9ce755b5-fc75-404d-ba22-455324eef5fc,5,62,MSG-LD,MSG-LD-ext
coherence,9ce755b5-fc75-404d-ba22-455324eef5fc,6,63,MGE-LDM,MSG-LD-ext
coherence,9ce755b5-fc75-404d-ba22-455324eef5fc,6,63,MSG-LD,MSG-LD-ext
coherence,9ce755b5-fc75-404d-ba22-455324eef5fc,6,63,MSLDM,MSG-LD-ext
coherence,9ce755b5-fc75-404d-ba22-455324eef5fc,6,63,MGE-LDM,MSG-LD
coherence,9ce755b5-fc75-404d-ba22-455324eef5fc,6,63,MSLDM,MGE-LDM
coherence,9ce755b5-fc75-404d-ba22-455324eef5fc,6,63,MSLDM,MSG-LD
coherence,9ce755b5-fc75-404d-ba22-455324eef5fc,7,64,MSLDM,MSG-LD-ext
coherence,9ce755b5-fc75-404d-ba22-455324eef5fc,7,64,MGE-LDM,MSLDM
coherence,9ce755b5-fc75-404d-ba22-455324eef5fc,7,64,MSLDM,MSG-LD
coherence,9ce755b5-fc75-404d-ba22-455324eef5fc,7,64,MGE-LDM,MSG-LD-ext
coherence,9ce755b5-fc75-404d-ba22-455324eef5fc,7,64,MSG-LD-ext,MSG-LD
coherence,9ce755b5-fc75-404d-ba22-455324eef5fc,7,64,MGE-LDM,MSG-LD
coherence,a03af986-fea2-4490-b799-ba986d3d60f0,1,65,MSLDM,MGE-LDM
coherence,a03af986-fea2-4490-b799-ba986d3d60f0,1,65,MSG-LD,MGE-LDM
coherence,a03af986-fea2-4490-b799-ba986d3d60f0,1,65,MSG-LD-ext,MGE-LDM
coherence,a03af986-fea2-4490-b799-ba986d3d60f0,1,65,MSLDM,MSG-LD
coherence,a03af986-fea2-4490-b799-ba986d3d60f0,1,65,MSLDM,MSG-LD-ext
coherence,a03af986-fea2-4490-b799-ba986d3d60f0,1,65,MSG-LD,MSG-LD-ext
coherence,a03af986-fea2-4490-b799-ba986d3d60f0,2,66,MSLDM,MGE-LDM
coherence,a03af986-fea2-4490-b799-ba986d3d60f0,2,66,MSLDM,MSG-LD-ext
coherence,a03af986-fea2-4490-b799-ba986d3d60f0,2,66,MSLDM,MSG-LD
coherence,a03af986-fea2-4490-b799-ba986d3d60f0,2,66,MSG-LD-ext,MGE-LDM
coherence,a03af986-fea2-4490-b799-ba986d3d60f0,2,66,MSG-LD,MGE-LDM
coherence,a03af986-fea2-4490-b799-ba986d3d60f0,2,66,MSG-LD,MSG-LD-ext
coherence,a03af986-fea2-4490-b799-ba986d3d60f0,3,67,MSLDM,MSG-LD
coherence,a03af986-fea2-4490-b799-ba986d3d60f0,3,67,MSG-LD,MSG-LD-ext
coherence,a03af986-fea2-4490-b799-ba986d3d60f0,3,67,MGE-LDM,MSG-LD
coherence,a03af986-fea2-4490-b799-ba986d3d60f0,3,67,MSLDM,MSG-LD-ext
coherence,a03af986-fea2-4490-b799-ba986d3d60f0,3,67,MGE-LDM,MSLDM
coherence,a03af986-fea2-4490-b799-ba986d3d60f0,3,67,MGE-LDM,MSG-LD-ext
coherence,a03af986-fea2-4490-b799-ba986d3d60f0,5,68,MSLDM,MGE-LDM
coherence,a03af986-fea2-4490-b799-ba986d3d60f0,5,68,MSG-LD-ext,MGE-LDM
coherence,a03af986-fea2-4490-b799-ba986d3d60f0,5,68,MSG-LD,MGE-LDM
coherence,a03af986-fea2-4490-b799-ba986d3d60f0,5,68,MSG-LD-ext,MSLDM
coherence,a03af986-fea2-4490-b799-ba986d3d60f0,5,68,MSLDM,MSG-LD
coherence,a03af986-fea2-4490-b799-ba986d3d60f0,5,68,MSG-LD-ext,MSG-LD
coherence,a03af986-fea2-4490-b799-ba986d3d60f0,6,69,MGE-LDM,MSG-LD
coherence,a03af986-fea2-4490-b799-ba986d3d60f0,6,69,MSLDM,MSG-LD
coherence,a03af986-fea2-4490-b799-ba986d3d60f0,6,69,MSG-LD-ext,MSG-LD
coherence,a03af986-fea2-4490-b799-ba986d3d60f0,6,69,MGE-LDM,MSLDM
coherence,a03af986-fea2-4490-b799-ba986d3d60f0,6,69,MGE-LDM,MSG-LD-ext
coherence,a03af986-fea2-4490-b799-ba986d3d60f0,6,69,MSLDM,MSG-LD-ext
coherence,a03af986-fea2-4490-b799-ba986d3d60f0,7,70,MSLDM,MSG-LD-ext
coherence,a03af986-fea2-4490-b799-ba986d3d60f0,7,70,MGE-LDM,MSLDM
coherence,a03af986-fea2-4490-b799-ba986d3d60f0,7,70,MSLDM,MSG-LD
coherence,a03af986-fea2-4490-b799-ba986d3d60f0,7,70,MGE-LDM,MSG-LD-ext
coherence,a03af986-fea2-4490-b799-ba986d3d60f0,7,70,MSG-LD-ext,MSG-LD
coherence,a03af986-fea2-4490-b799-ba986d3d60f0,7,70,MGE-LDM,MSG-LD
coherence,aea40b7b-ac76-4bb4-8e86-97e28865984b,1,71,MSG-LD,MSLDM
coherence,aea40b7b-ac76-4bb4-8e86-97e28865984b,1,71,MGE-LDM,MSG-LD
coherence,aea40b7b-ac76-4bb4-8e86-97e28865984b,1,71,MSG-LD,MSG-LD-ext
coherence,aea40b7b-ac76-4bb4-8e86-97e28865984b,1,71,MGE-LDM,MSLDM
coherence,aea40b7b-ac76-4bb4-8e86-97e28865984b,1,71,MSLDM,MSG-LD-ext
coherence,aea40b7b-ac76-4bb4-8e86-97e28865984b,1,71,MGE-LDM,MSG-LD-ext
coherence,aea40b7b-ac76-4bb4-8e86-97e28865984b,2,72,MSLDM,MSG-LD
coherence,aea40b7b-ac76-4bb4-8e86-97e28865984b,2,72,MSLDM,MGE-LDM
coherence,aea40b7b-ac76-4bb4-8e86-97e28865984b,2,72,MSLDM,MSG-LD-ext
coherence,aea40b7b-ac76-4bb4-8e86-97e28865984b,2,72,MGE-LDM,MSG-LD
coherence,aea40b7b-ac76-4bb4-8e86-97e28865984b,2,72,MSG-LD,MSG-LD-ext
coherence,aea40b7b-ac76-4bb4-8e86-97e28865984b,2,72,MGE-LDM,MSG-LD-ext
coherence,aea40b7b-ac76-4bb4-8e86-97e28865984b,3,73,MSLDM,MSG-LD-ext
coherence,aea40b7b-ac76-4bb4-8e86-97e28865984b,3,73,MGE-LDM,MSG-LD-ext
coherence,aea40b7b-ac76-4bb4-8e86-97e28865984b,3,73,MSG-LD,MSG-LD-ext
coherence,aea40b7b-ac76-4bb4-8e86-97e28865984b,3,73,MSLDM,MGE-LDM
coherence,aea40b7b-ac76-4bb4-8e86-97e28865984b,3,73,MSLDM,MSG-LD
coherence,aea40b7b-ac76-4bb4-8e86-97e28865984b,3,73,MGE-LDM,MSG-LD
coherence,aea40b7b-ac76-4bb4-8e86-97e28865984b,5,74,MGE-LDM,MSG-LD-ext
coherence,aea40b7b-ac76-4bb4-8e86-97e28865984b,5,74,MGE-LDM,MSG-LD
coherence,aea40b7b-ac76-4bb4-8e86-97e28865984b,5,74,MSLDM,MGE-LDM
coherence,aea40b7b-ac76-4bb4-8e86-97e28865984b,5,74,MSG-LD-ext,MSG-LD
coherence,aea40b7b-ac76-4bb4-8e86-97e28865984b,5,74,MSLDM,MSG-LD-ext
coherence,aea40b7b-ac76-4bb4-8e86-97e28865984b,5,74,MSLDM,MSG-LD
coherence,aea40b7b-ac76-4bb4-8e86-97e28865984b,6,75,MSLDM,MSG-LD
coherence,aea40b7b-ac76-4bb4-8e86-97e28865984b,6,75,MSLDM,MGE-LDM
coherence,aea40b7b-ac76-4bb4-8e86-97e28865984b,6,75,MSLDM,MSG-LD-ext
coherence,aea40b7b-ac76-4bb4-8e86-97e28865984b,6,75,MGE-LDM,MSG-LD
coherence,aea40b7b-ac76-4bb4-8e86-97e28865984b,6,75,MSG-LD-ext,MSG-LD
coherence,aea40b7b-ac76-4bb4-8e86-97e28865984b,6,75,MGE-LDM,MSG-LD-ext
coherence,aea40b7b-ac76-4bb4-8e86-97e28865984b,8,76,MGE-LDM,MSLDM
coherence,aea40b7b-ac76-4bb4-8e86-97e28865984b,8,76,MSLDM,MSG-LD
coherence,aea40b7b-ac76-4bb4-8e86-97e28865984b,8,76,MSLDM,MSG-LD-ext
coherence,aea40b7b-ac76-4bb4-8e86-97e28865984b,8,76,MGE-LDM,MSG-LD
coherence,aea40b7b-ac76-4bb4-8e86-97e28865984b,8,76,MGE-LDM,MSG-LD-ext
coherence,aea40b7b-ac76-4bb4-8e86-97e28865984b,8,76,MSG-LD,MSG-LD-ext
coherence,cd9c935d-c745-4444-9eee-79572e868c47,2,77,MSG-LD,MSG-LD-ext
coherence,cd9c935d-c745-4444-9eee-79572e868c47,2,77,MGE-LDM,MSG-LD-ext
coherence,cd9c935d-c745-4444-9eee-79572e868c47,2,77,MSLDM,MSG-LD-ext
coherence,cd9c935d-c745-4444-9eee-79572e868c47,2,77,MGE-LDM,MSG-LD
coherence,cd9c935d-c745-4444-9eee-79572e868c47,2,77,MSLDM,MSG-LD
coherence,cd9c935d-c745-4444-9eee-79572e868c47,2,77,MSLDM,MGE-LDM
coherence,cd9c935d-c745-4444-9eee-79572e868c47,3,78,MSLDM,MGE-LDM
coherence,cd9c935d-c745-4444-9eee-79572e868c47,3,78,MSG-LD-ext,MGE-LDM
coherence,cd9c935d-c745-4444-9eee-79572e868c47,3,78,MSG-LD,MGE-LDM
coherence,cd9c935d-c745-4444-9eee-79572e868c47,3,78,MSLDM,MSG-LD-ext
coherence,cd9c935d-c745-4444-9eee-79572e868c47,3,78,MSLDM,MSG-LD
coherence,cd9c935d-c745-4444-9eee-79572e868c47,3,78,MSG-LD-ext,MSG-LD
coherence,cd9c935d-c745-4444-9eee-79572e868c47,4,79,MSG-LD-ext,MGE-LDM
coherence,cd9c935d-c745-4444-9eee-79572e868c47,4,79,MGE-LDM,MSG-LD
coherence,cd9c935d-c745-4444-9eee-79572e868c47,4,79,MSLDM,MGE-LDM
coherence,cd9c935d-c745-4444-9eee-79572e868c47,4,79,MSG-LD-ext,MSG-LD
coherence,cd9c935d-c745-4444-9eee-79572e868c47,4,79,MSLDM,MSG-LD-ext
coherence,cd9c935d-c745-4444-9eee-79572e868c47,4,79,MSLDM,MSG-LD
coherence,cd9c935d-c745-4444-9eee-79572e868c47,5,80,MGE-LDM,MSG-LD
coherence,cd9c935d-c745-4444-9eee-79572e868c47,5,80,MSLDM,MSG-LD
coherence,cd9c935d-c745-4444-9eee-79572e868c47,5,80,MSG-LD-ext,MSG-LD
coherence,cd9c935d-c745-4444-9eee-79572e868c47,5,80,MSLDM,MGE-LDM
coherence,cd9c935d-c745-4444-9eee-79572e868c47,5,80,MSG-LD-ext,MGE-LDM
coherence,cd9c935d-c745-4444-9eee-79572e868c47,5,80,MSLDM,MSG-LD-ext
coherence,cd9c935d-c745-4444-9eee-79572e868c47,6,81,MSG-LD-ext,MGE-LDM
coherence,cd9c935d-c745-4444-9eee-79572e868c47,6,81,MGE-LDM,MSG-LD
coherence,cd9c935d-c745-4444-9eee-79572e868c47,6,81,MSLDM,MGE-LDM
coherence,cd9c935d-c745-4444-9eee-79572e868c47,6,81,MSG-LD-ext,MSG-LD
coherence,cd9c935d-c745-4444-9eee-79572e868c47,6,81,MSLDM,MSG-LD-ext
coherence,cd9c935d-c745-4444-9eee-79572e868c47,6,81,MSLDM,MSG-LD
coherence,cd9c935d-c745-4444-9eee-79572e868c47,8,82,MGE-LDM,MSLDM
coherence,cd9c935d-c745-4444-9eee-79572e868c47,8,82,MSLDM,MSG-LD-ext
coherence,cd9c935d-c745-4444-9eee-79572e868c47,8,82,MSLDM,MSG-LD
coherence,cd9c935d-c745-4444-9eee-79572e868c47,8,82,MGE-LDM,MSG-LD-ext
coherence,cd9c935d-c745-4444-9eee-79572e868c47,8,82,MGE-LDM,MSG-LD
coherence,cd9c935d-c745-4444-9eee-79572e868c47,8,82,MSG-LD,MSG-LD-ext
coherence,e10c96f7-5562-40f1-af93-2f0bb4140d87,1,83,MSLDM,MSG-LD
coherence,e10c96f7-5562-40f1-af93-2f0bb4140d87,1,83,MGE-LDM,MSG-LD
coherence,e10c96f7-5562-40f1-af93-2f0bb4140d87,1,83,MSG-LD-ext,MSG-LD
coherence,e10c96f7-5562-40f1-af93-2f0bb4140d87,1,83,MGE-LDM,MSLDM
coherence,e10c96f7-5562-40f1-af93-2f0bb4140d87,1,83,MSLDM,MSG-LD-ext
coherence,e10c96f7-5562-40f1-af93-2f0bb4140d87,1,83,MGE-LDM,MSG-LD-ext
coherence,e10c96f7-5562-40f1-af93-2f0bb4140d87,2,84,MSG-LD-ext,MGE-LDM
coherence,e10c96f7-5562-40f1-af93-2f0bb4140d87,2,84,MSLDM,MGE-LDM
coherence,e10c96f7-5562-40f1-af93-2f0bb4140d87,2,84,MGE-LDM,MSG-LD
coherence,e10c96f7-5562-40f1-af93-2f0bb4140d87,2,84,MSLDM,MSG-LD-ext
coherence,e10c96f7-5562-40f1-af93-2f0bb4140d87,2,84,MSG-LD-ext,MSG-LD
coherence,e10c96f7-5562-40f1-af93-2f0bb4140d87,2,84,MSLDM,MSG-LD
coherence,e10c96f7-5562-40f1-af93-2f0bb4140d87,4,85,MSG-LD,MSG-LD-ext
coherence,e10c96f7-5562-40f1-af93-2f0bb4140d87,4,85,MGE-LDM,MSG-LD-ext
coherence,e10c96f7-5562-40f1-af93-2f0bb4140d87,4,85,MSLDM,MSG-LD-ext
coherence,e10c96f7-5562-40f1-af93-2f0bb4140d87,4,85,MGE-LDM,MSG-LD
coherence,e10c96f7-5562-40f1-af93-2f0bb4140d87,4,85,MSLDM,MSG-LD
coherence,e10c96f7-5562-40f1-af93-2f0bb4140d87,4,85,MSLDM,MGE-LDM
coherence,e10c96f7-5562-40f1-af93-2f0bb4140d87,5,86,MSG-LD,MGE-LDM
coherence,e10c96f7-5562-40f1-af93-2f0bb4140d87,5,86,MSG-LD,MSG-LD-ext
coherence,e10c96f7-5562-40f1-af93-2f0bb4140d87,5,86,MSLDM,MSG-LD
coherence,e10c96f7-5562-40f1-af93-2f0bb4140d87,5,86,MGE-LDM,MSG-LD-ext
coherence,e10c96f7-5562-40f1-af93-2f0bb4140d87,5,86,MSLDM,MGE-LDM
coherence,e10c96f7-5562-40f1-af93-2f0bb4140d87,5,86,MSLDM,MSG-LD-ext
coherence,e10c96f7-5562-40f1-af93-2f0bb4140d87,6,87,MGE-LDM,MSG-LD
coherence,e10c96f7-5562-40f1-af93-2f0bb4140d87,6,87,MSLDM,MGE-LDM
coherence,e10c96f7-5562-40f1-af93-2f0bb4140d87,6,87,MGE-LDM,MSG-LD-ext
coherence,e10c96f7-5562-40f1-af93-2f0bb4140d87,6,87,MSLDM,MSG-LD
coherence,e10c96f7-5562-40f1-af93-2f0bb4140d87,6,87,MSG-LD,MSG-LD-ext
coherence,e10c96f7-5562-40f1-af93-2f0bb4140d87,6,87,MSLDM,MSG-LD-ext
coherence,e10c96f7-5562-40f1-af93-2f0bb4140d87,7,88,MGE-LDM,MSG-LD-ext
coherence,e10c96f7-5562-40f1-af93-2f0bb4140d87,7,88,MSLDM,MGE-LDM
coherence,e10c96f7-5562-40f1-af93-2f0bb4140d87,7,88,MGE-LDM,MSG-LD
coherence,e10c96f7-5562-40f1-af93-2f0bb4140d87,7,88,MSLDM,MSG-LD-ext
coherence,e10c96f7-5562-40f1-af93-2f0bb4140d87,7,88,MSG-LD-ext,MSG-LD
coherence,e10c96f7-5562-40f1-af93-2f0bb4140d87,7,88,MSLDM,MSG-LD
coherence,f19335bb-5632-4d21-b8e8-09e79d6e8a75,1,89,MGE-LDM,MSLDM
coherence,f19335bb-5632-4d21-b8e8-09e79d6e8a75,1,89,MGE-LDM,MSG-LD
coherence,f19335bb-5632-4d21-b8e8-09e79d6e8a75,1,89,MGE-LDM,MSG-LD-ext
coherence,f19335bb-5632-4d21-b8e8-09e79d6e8a75,1,89,MSLDM,MSG-LD
coherence,f19335bb-5632-4d21-b8e8-09e79d6e8a75,1,89,MSG-LD-ext,MSLDM
coherence,f19335bb-5632-4d21-b8e8-09e79d6e8a75,1,89,MSG-LD-ext,MSG-LD
coherence,f19335bb-5632-4d21-b8e8-09e79d6e8a75,3,90,MSG-LD-ext,MSG-LD
coherence,f19335bb-5632-4d21-b8e8-09e79d6e8a75,3,90,MSG-LD,MSLDM
coherence,f19335bb-5632-4d21-b8e8-09e79d6e8a75,3,90,MGE-LDM,MSG-LD
coherence,f19335bb-5632-4d21-b8e8-09e79d6e8a75,3,90,MSG-LD-ext,MSLDM
coherence,f19335bb-5632-4d21-b8e8-09e79d6e8a75,3,90,MGE-LDM,MSG-LD-ext
coherence,f19335bb-5632-4d21-b8e8-09e79d6e8a75,3,90,MGE-LDM,MSLDM
coherence,f19335bb-5632-4d21-b8e8-09e79d6e8a75,4,91,MSLDM,MSG-LD
coherence,f19335bb-5632-4d21-b8e8-09e79d6e8a75,4,91,MSG-LD,MSG-LD-ext
coherence,f19335bb-5632-4d21-b8e8-09e79d6e8a75,4,91,MGE-LDM,MSG-LD
coherence,f19335bb-5632-4d21-b8e8-09e79d6e8a75,4,91,MSLDM,MSG-LD-ext
coherence,f19335bb-5632-4d21-b8e8-09e79d6e8a75,4,91,MGE-LDM,MSLDM
coherence,f19335bb-5632-4d21-b8e8-09e79d6e8a75,4,91,MGE-LDM,MSG-LD-ext
coherence,f19335bb-5632-4d21-b8e8-09e79d6e8a75,5,92,MSLDM,MGE-LDM
coherence,f19335bb-5632-4d21-b8e8-09e79d6e8a75,5,92,MSLDM,MSG-LD
coherence,f19335bb-5632-4d21-b8e8-09e79d6e8a75,5,92,MSLDM,MSG-LD-ext
coherence,f19335bb-5632-4d21-b8e8-09e79d6e8a75,5,92,MGE-LDM,MSG-LD
coherence,f19335bb-5632-4d21-b8e8-09e79d6e8a75,5,92,MSG-LD-ext,MGE-LDM
coherence,f19335bb-5632-4d21-b8e8-09e79d6e8a75,5,92,MSG-LD-ext,MSG-LD
coherence,f19335bb-5632-4d21-b8e8-09e79d6e8a75,6,93,MSG-LD-ext,MSG-LD
coherence,f19335bb-5632-4d21-b8e8-09e79d6e8a75,6,93,MGE-LDM,MSG-LD
coherence,f19335bb-5632-4d21-b8e8-09e79d6e8a75,6,93,MSLDM,MSG-LD
coherence,f19335bb-5632-4d21-b8e8-09e79d6e8a75,6,93,MSG-LD-ext,MGE-LDM
coherence,f19335bb-5632-4d21-b8e8-09e79d6e8a75,6,93,MSLDM,MSG-LD-ext
coherence,f19335bb-5632-4d21-b8e8-09e79d6e8a75,6,93,MSLDM,MGE-LDM
coherence,f19335bb-5632-4d21-b8e8-09e79d6e8a75,7,94,MSG-LD,MGE-LDM
coherence,f19335bb-5632-4d21-b8e8-09e79d6e8a75,7,94,MSG-LD,MSG-LD-ext
coherence,f19335bb-5632-4d21-b8e8-09e79d6e8a75,7,94,MSG-LD,MSLDM
coherence,f19335bb-5632-4d21-b8e8-09e79d6e8a75,7,94,MGE-LDM,MSG-LD-ext
coherence,f19335bb-5632-4d21-b8e8-09e79d6e8a75,7,94,MSLDM,MGE-LDM
coherence,f19335bb-5632-4d21-b8e8-09e79d6e8a75,7,94,MSLDM,MSG-LD-ext
coherence,ff117ea0-e81f-4f6b-91df-6a84dfc08a62,1,95,MGE-LDM,MSG-LD
coherence,ff117ea0-e81f-4f6b-91df-6a84dfc08a62,1,95,MSLDM,MSG-LD
coherence,ff117ea0-e81f-4f6b-91df-6a84dfc08a62,1,95,MSG-LD-ext,MSG-LD
coherence,ff117ea0-e81f-4f6b-91df-6a84dfc08a62,1,95,MGE-LDM,MSLDM
coherence,ff117ea0-e81f-4f6b-91df-6a84dfc08a62,1,95,MGE-LDM,MSG-LD-ext
coherence,ff117ea0-e81f-4f6b-91df-6a84dfc08a62,1,95,MSLDM,MSG-LD-ext
coherence,ff117ea0-e81f-4f6b-91df-6a84dfc08a62,2,96,MSLDM,MSG-LD-ext
coherence,ff117ea0-e81f-4f6b-91df-6a84dfc08a62,2,96,MGE-LDM,MSLDM
coherence,ff117ea0-e81f-4f6b-91df-6a84dfc08a62,2,96,MSLDM,MSG-LD
coherence,ff117ea0-e81f-4f6b-91df-6a84dfc08a62,2,96,MGE-LDM,MSG-LD-ext
coherence,ff117ea0-e81f-4f6b-91df-6a84dfc08a62,2,96,MSG-LD-ext,MSG-LD
coherence,ff117ea0-e81f-4f6b-91df-6a84dfc08a62,2,96,MGE-LDM,MSG-LD
coherence,ff117ea0-e81f-4f6b-91df-6a84dfc08a62,3,97,MSLDM,MSG-LD-ext
coherence,ff117ea0-e81f-4f6b-91df-6a84dfc08a62,3,97,MSG-LD-ext,MSG-LD
coherence,ff117ea0-e81f-4f6b-91df-6a84dfc08a62,3,97,MGE-LDM,MSG-LD-ext
coherence,ff117ea0-e81f-4f6b-91df-6a84dfc08a62,3,97,MSLDM,MSG-LD
coherence,ff117ea0-e81f-4f6b-91df-6a84dfc08a62,3,97,MSLDM,MGE-LDM
coherence,ff117ea0-e81f-4f6b-91df-6a84dfc08a62,3,97,MGE-LDM,MSG-LD
coherence,ff117ea0-e81f-4f6b-91df-6a84dfc08a62,4,98,MSLDM,MSG-LD-ext
coherence,ff117ea0-e81f-4f6b-91df-6a84dfc08a62,4,98,MSG-LD-ext,MSG-LD
coherence,ff117ea0-e81f-4f6b-91df-6a84dfc08a62,4,98,MGE-LDM,MSG-LD-ext
coherence,ff117ea0-e81f-4f6b-91df-6a84dfc08a62,4,98,MSLDM,MSG-LD
coherence,ff117ea0-e81f-4f6b-91df-6a84dfc08a62,4,98,MGE-LDM,MSLDM
coherence,ff117ea0-e81f-4f6b-91df-6a84dfc08a62,4,98,MGE-LDM,MSG-LD
coherence,ff117ea0-e81f-4f6b-91df-6a84dfc08a62,6,99,MSLDM,MSG-LD-ext
coherence,ff117ea0-e81f-4f6b-91df-6a84dfc08a62,6,99,MSLDM,MSG-LD
coherence,ff117ea0-e81f-4f6b-91df-6a84dfc08a62,6,99,MSLDM,MGE-LDM
coherence,ff117ea0-e81f-4f6b-91df-6a84dfc08a62,6,99,MSG-LD,MSG-LD-ext
coherence,ff117ea0-e81f-4f6b-91df-6a84dfc08a62,6,99,MGE-LDM,MSG-LD-ext
coherence,ff117ea0-e81f-4f6b-91df-6a84dfc08a62,6,99,MGE-LDM,MSG-LD
coherence,ff117ea0-e81f-4f6b-91df-6a84dfc08a62,7,100,MGE-LDM,MSG-LD-ext
coherence,ff117ea0-e81f-4f6b-91df-6a84dfc08a62,7,100,MGE-LDM,MSG-LD
coherence,ff117ea0-e81f-4f6b-91df-6a84dfc08a62,7,100,MGE-LDM,MSLDM
coherence,ff117ea0-e81f-4f6b-91df-6a84dfc08a62,7,100,MSG-LD,MSG-LD-ext
coherence,ff117ea0-e81f-4f6b-91df-6a84dfc08a62,7,100,MSLDM,MSG-LD-ext
coherence,ff117ea0-e81f-4f6b-91df-6a84dfc08a62,7,100,MSLDM,MSG-LD
